link,price,year,mileage,title,fuel_type,gearbox,isPrivateSeller
https://www.otomoto.pl/osobowe/oferta/mercedes-benz-cla-200-pakiet-amg-premium-salon-pl-fv23-auto-frelik-bydgoszcz-ID6Gin0X.html,154 900,2023,19 800 km,Mercedes-Benz CLA 200 AMG Line 7G-DCT,Benzyna,Automatyczna,FALSE
https://www.otomoto.pl/osobowe/oferta/mercedes-benz-cla-200-163km-amgline-vat23-autoryzowany-salon-mercedes-benz-ID6GN13f.html,199 900,2024,15 000 km,Mercedes-Benz CLA 200 AMG Line 7G-DCT,Benzyna,Automatyczna,FALSE
https://www.otomoto.pl/osobowe/oferta/mercedes-benz-cla-salon-pl-amg-line-kamera-advantage-ID6GRD9E.html,145 000,2023,38 135 km,Mercedes-Benz CLA 200 AMG Line 7G-DCT,Benzyna,Automatyczna,FALSE
https://www.otomoto.pl/osobowe/oferta/mercedes-benz-cla-200d-amg-line-salon-polska-autotrade-mercedes-benz-ID6GYa5i.html,126 900,2020,67 200 km,Mercedes-Benz CLA 200 d AMG Line 8G-DCT,Diesel,Automatyczna,FALSE
https://www.otomoto.pl/osobowe/oferta/mercedes-benz-cla-mercedes-benz-cla-amg-35-4-matic-7g-dct-ID6Gr5Y7.html,171 000,2020,52 000 km,Mercedes-Benz CLA AMG 35 4-Matic 7G-DCT,Benzyna,Automatyczna,FALSE
https://www.otomoto.pl/osobowe/oferta/mercedes-benz-cla-220-4matic-amg-multibeam-led-asystent-martwego-pola-ID6GP0xB.html,220 034,2024,5 km,Mercedes-Benz CLA 220 4-Matic AMG Line 7G-DCT,Benzyna,Automatyczna,FALSE
https://www.otomoto.pl/osobowe/oferta/mercedes-benz-cla-cla200-coupe-163km-amg-premium-promocja-dostepny-od-reki-ID6GRNLy.html,190 500,2024,10 km,Mercedes-Benz CLA 200 AMG Line 7G-DCT,Benzyna,Automatyczna,FALSE
https://www.otomoto.pl/osobowe/oferta/mercedes-benz-cla-cla200-coupe-163km-amg-premium-promocja-dostepny-od-reki-ID6GRNLc.html,193 900,2024,8 km,Mercedes-Benz CLA 200 AMG Line 7G-DCT,Benzyna,Automatyczna,FALSE
https://www.otomoto.pl/osobowe/oferta/mercedes-benz-cla-amg-45s-idealny-full-opcja-full-ppf-jedyny-taki-cesja-leasingu-ID6H3Vop.html,357 695,2023,28 456 km,Mercedes-Benz CLA AMG 45 S 4-Matic+ 8G-DCT,Benzyna,Automatyczna,FALSE
https://www.otomoto.pl/osobowe/oferta/mercedes-benz-cla-220-4matic-coupe-204-km-amg-advanced-plus-dach-panoramiczn-distronic-ID6H9Pr6.html,230 000,2024,3 000 km,Mercedes-Benz CLA 220 mHEV 4-Matic AMG Line 8G-DCT,Hybryda,Automatyczna,FALSE
https://www.otomoto.pl/osobowe/oferta/mercedes-benz-cla-shooting-brake-advantage-1-3-136km-7g-dct-2022-r-salon-pl-f-a-vat-ID6H7gyA.html,125 900,2022,36 200 km,Mercedes-Benz CLA,Benzyna,Automatyczna,FALSE
https://www.otomoto.pl/osobowe/oferta/mercedes-benz-cla-250-4matic-shooting-brake-mb-motors-piaseczno-ID6H8fyi.html,243 599,2024,5 km,Mercedes-Benz CLA,Benzyna,Automatyczna,FALSE
https://www.otomoto.pl/osobowe/oferta/mercedes-benz-cla-200-pakiet-amg-premium-plus-faktura-vat-23-emil-frey-select-ID6GSO6P.html,199 900,2024,16 697 km,Mercedes-Benz CLA,Benzyna,Automatyczna,FALSE
https://www.otomoto.pl/osobowe/oferta/mercedes-benz-cla-business-solution-luxury-2020r-ele-fotele-z-pamiecia-kam-cof-ID6H8d7k.html,119 900,2020,111 691 km,Mercedes-Benz CLA,Diesel,Automatyczna,FALSE
https://www.otomoto.pl/osobowe/oferta/mercedes-benz-cla-200-shooting-brake-pamiec-foteli-multibeam-led-faktura-vat23-ID6GSEVc.html,149 900,2024,8 070 km,Mercedes-Benz CLA,Benzyna,Automatyczna,FALSE
https://www.otomoto.pl/osobowe/oferta/mercedes-benz-cla-cla-200-coupe-amg-premium-demo-vat23-ID6GLdli.html,196 600,2024,1 482 km,Mercedes-Benz CLA 200 AMG Line 7G-DCT,Benzyna,Automatyczna,FALSE
https://www.otomoto.pl/osobowe/oferta/mercedes-benz-cla-cla200-amg-premium-salonpl-i-wl-multibeam-vat23-ID6GyEB8.html,169 500,2023,10 986 km,Mercedes-Benz CLA 200 AMG Line 7G-DCT,Benzyna,Automatyczna,FALSE
https://www.otomoto.pl/osobowe/oferta/mercedes-benz-cla-200-amg-line-ID6H6Ytn.html,198 500,2024,6 km,Mercedes-Benz CLA,Benzyna,Automatyczna,FALSE
https://www.otomoto.pl/osobowe/oferta/mercedes-benz-cla-shooting-brake-2020r-f-vat-23-bezwypadkowy-gwarancja-prze-ID6H80AK.html,109 900,2020,124 654 km,Mercedes-Benz CLA,Benzyna,Automatyczna,FALSE
https://www.otomoto.pl/osobowe/oferta/mercedes-benz-cla-250-progressive-ID6H6Ogk.html,149 000,2021,61 823 km,Mercedes-Benz CLA 250 4-Matic Progressive 7G-DCT,Benzyna,Automatyczna,FALSE
https://www.otomoto.pl/osobowe/oferta/mercedes-benz-cla-220-4matic-amg-line-ID6GX5SJ.html,252 000,2024,4 km,Mercedes-Benz CLA,Benzyna,Automatyczna,FALSE
https://www.otomoto.pl/osobowe/oferta/mercedes-benz-cla-200-shooting-brake-mb-motors-piaseczno-ID6GQI30.html,187 899,2024,5 km,Mercedes-Benz CLA,Benzyna,Automatyczna,FALSE
https://www.otomoto.pl/osobowe/oferta/mercedes-benz-cla-220-4matic-coupe-204-km-amg-advanced-plus-dach-panoramiczny-distroni-ID6H3v3C.html,216 000,2024,9 500 km,Mercedes-Benz CLA 220 mHEV 4-Matic AMG Line 8G-DCT,Hybryda,Automatyczna,FALSE
https://www.otomoto.pl/osobowe/oferta/mercedes-benz-cla-cla-200-amg-line-salon-polska-autotrade-mercedes-benz-ID6H6rJ0.html,134 900,2020,115 796 km,Mercedes-Benz CLA 200 AMG Line 7G-DCT,Benzyna,Automatyczna,FALSE
https://www.otomoto.pl/osobowe/oferta/mercedes-benz-cla-sliczny-200d-full-led-pol-skory-kamera-alu-navi-pdc-chrom-full-aso-20-ID6HbvJ4.html,106 000,2020,157 000 km,Mercedes-Benz CLA 200 d 8G-DCT,Diesel,Automatyczna,FALSE
https://www.otomoto.pl/osobowe/oferta/mercedes-benz-cla-cla-200-amg-lifting-keyless-night-pl-fv23-ID6GVrGa.html,179 900,2024,18 874 km,Mercedes-Benz CLA,Benzyna,Automatyczna,FALSE
https://www.otomoto.pl/osobowe/oferta/mercedes-benz-cla-2-0-190km-automat-4matic-2020-r-salon-pl-navi-przebieg-39tys-km-ID6H8TJS.html,146 900,2020,39 200 km,Mercedes-Benz CLA,Benzyna,Automatyczna,FALSE
https://www.otomoto.pl/osobowe/oferta/mercedes-benz-cla-jak-nowy-salon-polska-pierwszy-wlasciciel-niska-rata-ID6HbvBJ.html,205 583,2023,50 km,Mercedes-Benz CLA 200 d Progressive 8G-DCT,Diesel,Automatyczna,FALSE
https://www.otomoto.pl/osobowe/oferta/mercedes-benz-cla-pakiet-amg-fv-marza-led-night-burmester-panorama-keyless-kameraambient-ID6Hbvjm.html,159 900,2024,17 709 km,Mercedes-Benz CLA,Benzyna,Automatyczna,FALSE
https://www.otomoto.pl/osobowe/oferta/mercedes-benz-cla-salon-polska-polroczny-radary-ID6GOiKj.html,169 900,2024,4 799 km,Mercedes-Benz CLA,Diesel,Automatyczna,FALSE
https://www.otomoto.pl/osobowe/oferta/mercedes-benz-cla-slon-polska-bezwypadkowy-amg-faktura-vat-ID6HbwCZ.html,129 999,2021,50 000 km,Mercedes-Benz CLA 180 AMG Line 7G-DCT,Benzyna,Automatyczna,FALSE
https://www.otomoto.pl/osobowe/oferta/mercedes-benz-cla-wyprzedaz-rocznika-2024-rabat-od-reki-ID6HaqHE.html,203 449,2024,5 km,Mercedes-Benz CLA 200 4-Matic AMG Line 8G-DCT,Benzyna,Automatyczna,FALSE
https://www.otomoto.pl/osobowe/oferta/mercedes-benz-cla-cla-200-coupe-avantgarde-wyprzedaz-rocznika-2024-mega-okazja-ID6GKuR4.html,190 900,2024,5 km,Mercedes-Benz CLA,Benzyna,Automatyczna,FALSE
https://www.otomoto.pl/osobowe/oferta/mercedes-benz-cla-ID6Haq9j.html,128 900,2022,45 568 km,Mercedes-Benz CLA,Benzyna,Automatyczna,FALSE
https://www.otomoto.pl/osobowe/oferta/mercedes-benz-cla-180-shooting-brake-amg-line-wyprzedaz-rocznika-2024-mb-motors-ID6H4rgk.html,189 900,2024,5 km,Mercedes-Benz CLA,Benzyna,Automatyczna,FALSE
https://www.otomoto.pl/osobowe/oferta/mercedes-benz-cla-mercedes-benz-cla-200-coupe-ID6Hapc1.html,207 500,2024,1 km,Mercedes-Benz CLA,Benzyna,Automatyczna,FALSE
https://www.otomoto.pl/osobowe/oferta/mercedes-benz-cla-mercedes-benz-cla-200-shooting-brake-ID6Hap4a.html,213 300,2024,1 km,Mercedes-Benz CLA,Benzyna,Automatyczna,FALSE
https://www.otomoto.pl/osobowe/oferta/mercedes-benz-cla-cla200-4matic-amg-led-panorama-night-ambient-keylessgo-kameracofania-ID6HaoVO.html,149 900,2021,58 461 km,Mercedes-Benz CLA 200 4-Matic AMG Line 8G-DCT,Benzyna,Automatyczna,FALSE
https://www.otomoto.pl/osobowe/oferta/mercedes-benz-cla-200-amg-163-km-kamera-360-keyless-go-salon-polska-ID6GNKX1.html,149 900,2022,77 032 km,Mercedes-Benz CLA,Benzyna,Automatyczna,FALSE
https://www.otomoto.pl/osobowe/oferta/mercedes-benz-cla-200-shooting-brake-amg-pakiet-night-salon-polska-ID6GST3Z.html,169 900,2022,37 500 km,Mercedes-Benz CLA 200 AMG Line 7G-DCT,Benzyna,Automatyczna,FALSE
https://www.otomoto.pl/osobowe/oferta/mercedes-benz-cla-ID6H7e1h.html,196 900,2023,19 111 km,Mercedes-Benz CLA 200 AMG Line 7G-DCT,Benzyna,Automatyczna,FALSE
https://www.otomoto.pl/osobowe/oferta/mercedes-benz-cla-salon-polska-fv23-gwarancja-serwisowa-cla-250-102-357-netto-ID6GP0R5.html,109 899,2020,148 271 km,Mercedes-Benz CLA 250 Progressive 7G-DCT,Benzyna,Automatyczna,FALSE
https://www.otomoto.pl/osobowe/oferta/mercedes-benz-cla-ID6Haohy.html,165 900,2022,37 412 km,Mercedes-Benz CLA 250 4-Matic AMG Line 7G-DCT,Benzyna,Automatyczna,FALSE
https://www.otomoto.pl/osobowe/oferta/mercedes-benz-cla-ID6H7dJu.html,239 900,2023,32 800 km,Mercedes-Benz CLA,Hybryda,Automatyczna,FALSE
https://www.otomoto.pl/osobowe/oferta/mercedes-benz-cla-mercedes-benz-cla-200-coupe-ID6HanZJ.html,206 900,2024,1 km,Mercedes-Benz CLA,Benzyna,Automatyczna,FALSE
https://www.otomoto.pl/osobowe/oferta/mercedes-benz-cla-mercedes-amg-cla-35-4matic-shooting-brake-polska-2021-ID6HbrSB.html,179 900,2021,38 342 km,Mercedes-Benz CLA AMG 35 4-Matic 7G-DCT,Benzyna,Automatyczna,FALSE
https://www.otomoto.pl/osobowe/oferta/mercedes-benz-cla-stylizacja-amg-keyless-go-pakiet-night-ID6GLJdl.html,183 191,2024,1 km,Mercedes-Benz CLA,Benzyna,Automatyczna,FALSE
https://www.otomoto.pl/osobowe/oferta/mercedes-benz-cla-250e-amg-kamera-360-headup-panorama-keyless-multibeam-led-fv23-ID6FtpX9.html,189 900,2022,5 950 km,Mercedes-Benz CLA,Hybryda,Automatyczna,FALSE
https://www.otomoto.pl/osobowe/oferta/mercedes-benz-cla-mercedes-benz-cla-200-shooting-brake-ID6HalRh.html,221 000,2024,1 km,Mercedes-Benz CLA,Benzyna,Automatyczna,FALSE
https://www.otomoto.pl/osobowe/oferta/mercedes-benz-cla-mercedes-benz-cla-200-coupe-ID6HalPj.html,210 100,2024,1 km,Mercedes-Benz CLA,Benzyna,Automatyczna,FALSE
https://www.otomoto.pl/osobowe/oferta/mercedes-benz-cla-ID6GY91R.html,173 900,2024,17 608 km,Mercedes-Benz CLA,Benzyna,Automatyczna,FALSE
https://www.otomoto.pl/osobowe/oferta/mercedes-benz-cla-mercedes-benz-cla-200-coupe-ID6HalBv.html,206 900,2024,1 km,Mercedes-Benz CLA,Benzyna,Automatyczna,FALSE
https://www.otomoto.pl/osobowe/oferta/mercedes-benz-cla-ID6H29ni.html,240 957,2024,1 km,Mercedes-Benz CLA,Diesel,Automatyczna,FALSE
https://www.otomoto.pl/osobowe/oferta/mercedes-benz-cla-mercedes-benz-cla-amg-45-s-4-matic-8g-dct-shooting-brake-ID6GY398.html,223 000,2020,74 000 km,Mercedes-Benz CLA AMG 45 S 4Matic+ Shooting B AMG Speedsh 8G-D,Benzyna,Automatyczna,FALSE
https://www.otomoto.pl/osobowe/oferta/mercedes-benz-cla-amg-bezwypadkowy-fv23-salonpl-gwarancja-mb-panorama-burmester-ID6H0XV0.html,217 777,2020,68 500 km,Mercedes-Benz CLA AMG 45 S 4-Matic 8G-DCT,Benzyna,Automatyczna,FALSE
https://www.otomoto.pl/osobowe/oferta/mercedes-benz-cla-200-mb-motors-janki-ID6GyQ2w.html,230 899,2024,15 000 km,Mercedes-Benz CLA,Benzyna,Automatyczna,FALSE
https://www.otomoto.pl/osobowe/oferta/mercedes-benz-cla-stylizacja-amg-keyless-go-pakiet-night-ID6GNduJ.html,183 191,2024,1 km,Mercedes-Benz CLA,Benzyna,Automatyczna,FALSE
https://www.otomoto.pl/osobowe/oferta/mercedes-benz-cla-200-amg-advanced-plus-od-reki-ID6H8Jai.html,170 647,2024,5 km,Mercedes-Benz CLA,Benzyna,Automatyczna,FALSE
https://www.otomoto.pl/osobowe/oferta/mercedes-benz-cla-mercedes-cla-250-4-matic-amg-2020r-polski-salon-pierwszy-wlasciciel-ID6H9fSw.html,162 000,2020,98 000 km,Mercedes-Benz CLA 250 4-Matic AMG Line 7G-DCT,Benzyna,Automatyczna,FALSE
https://www.otomoto.pl/osobowe/oferta/mercedes-benz-cla-218km-pakiet-amg-premium-fv23-1-wlasciciel-salon-pl-aso-mercedes-benz-ID6H7FMT.html,244 900,2024,18 220 km,Mercedes-Benz CLA 250 e PHEV AMG Line 8G-DCT,Hybryda Plug-in,Automatyczna,FALSE
https://www.otomoto.pl/osobowe/oferta/mercedes-benz-cla-mercedes-benz-cla-200-d-coup-ID6GXAst.html,119 900,2020,68 800 km,Mercedes-Benz CLA 200 d Progressive 8G-DCT,Diesel,Automatyczna,FALSE
https://www.otomoto.pl/osobowe/oferta/mercedes-benz-cla-180d-shooting-brake-2020-bezwypadkowy-udokumentowany-przebieg-ID6GJIPa.html,85 900,2020,216 643 km,Mercedes-Benz CLA 180 d Shooting Brake 7G-DCT,Diesel,Automatyczna,FALSE
https://www.otomoto.pl/osobowe/oferta/mercedes-benz-cla-cla45-s-amg-wkrotce-dostepny-mega-okazja-ID6Haj2v.html,279 700,2023,3 200 km,Mercedes-Benz CLA AMG 45 S 4-Matic+ 8G-DCT,Benzyna,Automatyczna,FALSE
https://www.otomoto.pl/osobowe/oferta/mercedes-benz-cla-45-s-4matic-coupe-2021-421km-folia-ochronna-full-wersja-ID6H0MTo.html,280 000,2021,29 000 km,Mercedes-Benz CLA AMG 45 S 4-Matic 8G-DCT,Benzyna,Automatyczna,FALSE
https://www.otomoto.pl/osobowe/oferta/mercedes-benz-cla-mercedes-benz-cla-250e-coupe-ID6Haiyy.html,249 000,2024,1 km,Mercedes-Benz CLA,Hybryda,Automatyczna,FALSE
https://www.otomoto.pl/osobowe/oferta/mercedes-benz-cla-mercedes-benz-cla-200-shooting-brake-ID6HaitJ.html,201 200,2024,20 km,Mercedes-Benz CLA,Benzyna,Automatyczna,FALSE
https://www.otomoto.pl/osobowe/oferta/mercedes-benz-cla-180-promocyjny-leasing-pakiet-progressive-advanced-plus-ID6GJIuD.html,179 900,2024,5 km,Mercedes-Benz CLA,Benzyna,Automatyczna,FALSE
https://www.otomoto.pl/osobowe/oferta/mercedes-benz-cla-200-wyprzedaz-rocznika-2025-promocyjne-finansowanie-ID6H5hdf.html,199 900,2024,5 km,Mercedes-Benz CLA,Benzyna,Automatyczna,FALSE
https://www.otomoto.pl/osobowe/oferta/mercedes-benz-cla-cla35-amg-coupe-premium-plus-aero-plus-ID6HbpVu.html,266 500,2024,12 200 km,Mercedes-Benz CLA,Benzyna,Automatyczna,FALSE
https://www.otomoto.pl/osobowe/oferta/mercedes-benz-cla-ID6HbgqF.html,134 900,2020,58 500 km,Mercedes-Benz CLA 200 d Shooting Brake 8G-DCT AMG Line,Diesel,Automatyczna,FALSE
https://www.otomoto.pl/osobowe/oferta/mercedes-benz-cla-ID6HahtB.html,165 900,2022,37 412 km,Mercedes-Benz CLA 250 4-Matic AMG Line 7G-DCT,Benzyna,Automatyczna,FALSE
https://www.otomoto.pl/osobowe/oferta/mercedes-benz-cla-stylizacja-amg-head-up-kamera-360-fotele-amg-performance-ID6H49xG.html,293 204,2024,1 km,Mercedes-Benz CLA,Benzyna,Automatyczna,FALSE
https://www.otomoto.pl/osobowe/oferta/mercedes-benz-cla-salon-polska-automat-tylko-53tys-km-ambiente-full-led-skora-fv23-ID6H7aaA.html,124 900,2022,53 821 km,Mercedes-Benz CLA 200 7G-DCT,Benzyna,Automatyczna,FALSE
https://www.otomoto.pl/osobowe/oferta/mercedes-benz-cla-200-163-km-2amg-salon-pl-fv-23-aso-niski-przebieg-ID6FZQaB.html,142 900,2022,17 300 km,Mercedes-Benz CLA 200 AMG Line 7G-DCT,Benzyna,Automatyczna,FALSE
https://www.otomoto.pl/osobowe/oferta/mercedes-benz-cla-mercedes-benz-cla-250-4-matic-shottingbreak-na-gwarancji-do-2027-roku-ID6GT50h.html,153 000,2022,57 000 km,Mercedes-Benz CLA 250 4-Matic 7G-DCT,Benzyna,Automatyczna,FALSE
https://www.otomoto.pl/osobowe/oferta/mercedes-benz-cla-220-4matic-pakiet-amg-faktura-vat-23-emil-frey-select-ID6Hag3r.html,199 900,2023,11 220 km,Mercedes-Benz CLA,Benzyna,Automatyczna,FALSE
https://www.otomoto.pl/osobowe/oferta/mercedes-benz-cla-fv23-2024-pakiet-amg-gwarancja-niski-przebieg-premium-plus-ID6GOZjR.html,194 900,2024,11 164 km,Mercedes-Benz CLA,Benzyna,Automatyczna,FALSE
https://www.otomoto.pl/osobowe/oferta/mercedes-benz-cla-mercedes-benz-cla-200-amg-line-demo-wyprzedaz-ID6GOZaY.html,179 900,2023,5 000 km,Mercedes-Benz CLA 200 4-Matic AMG Line 8G-DCT,Benzyna,Automatyczna,FALSE
https://www.otomoto.pl/osobowe/oferta/mercedes-benz-cla-200-automat-skora-navi-klimatronic-tempomat-parktronic-ID6HaeP0.html,90 000,2021,227 295 km,Mercedes-Benz CLA,Benzyna,Automatyczna,FALSE
https://www.otomoto.pl/osobowe/oferta/mercedes-benz-cla-cla-200-pakiet-amg-pakiet-night-premium-fv-23-ID6GOXvD.html,199 900,2024,10 557 km,Mercedes-Benz CLA,Benzyna,Automatyczna,FALSE
https://www.otomoto.pl/osobowe/oferta/mercedes-benz-cla-salon-polska-radary-hybrid-plug-in-250e-8g-dct-218km-ID6GIJ6s.html,178 400,2024,5 800 km,Mercedes-Benz CLA 250 e PHEV 8G-DCT,Hybryda Plug-in,Automatyczna,FALSE
https://www.otomoto.pl/osobowe/oferta/mercedes-benz-cla-salon-polska-polroczny-radary-ID6GRfeD.html,157 400,2024,20 300 km,Mercedes-Benz CLA 200 7G-DCT,Benzyna,Automatyczna,FALSE
https://www.otomoto.pl/osobowe/oferta/mercedes-benz-cla-salon-fv23-gwarancja-serwisowa-73169-netto-ID6HblwX.html,89 998,2020,166 342 km,Mercedes-Benz CLA 200 d AMG Line 8G-DCT,Diesel,Automatyczna,FALSE
https://www.otomoto.pl/osobowe/oferta/mercedes-benz-cla-180-136km-shooting-brake-amg-panorama-voll-ID6HblmU.html,95 800,2021,176 853 km,Mercedes-Benz CLA 180 Shooting Brake AMG Line,Benzyna,Manualna,FALSE
https://www.otomoto.pl/osobowe/oferta/mercedes-benz-cla-180d-116km-7g-dct-amg-digital-tacho-hey-mercedes-voll-ID6HblkA.html,109 800,2021,178 185 km,Mercedes-Benz CLA 180 d 7G-DCT AMG Line,Diesel,Automatyczna,FALSE
https://www.otomoto.pl/osobowe/oferta/mercedes-benz-cla-salon-polska-polroczny-radary-ID6GHt4L.html,154 900,2024,14 000 km,Mercedes-Benz CLA 200 AMG Line 7G-DCT,Benzyna,Automatyczna,FALSE
https://www.otomoto.pl/osobowe/oferta/mercedes-benz-cla-180-136km-shooting-brake-amg-panorama-ambiente-voll-ID6HblgY.html,108 800,2020,188 201 km,Mercedes-Benz CLA 180 Shooting Brake 7G-DCT AMG Line Advanced Plus,Benzyna,Automatyczna,FALSE
https://www.otomoto.pl/osobowe/oferta/mercedes-benz-cla-salon-polska-136km-benzyna-automat-ID6GV11L.html,129 900,2022,55 114 km,Mercedes-Benz CLA 180 Progressive 7G-DCT,Benzyna,Automatyczna,FALSE
https://www.otomoto.pl/osobowe/oferta/mercedes-benz-cla-dostepny-od-reki-ID6Ha9jM.html,238 410,2024,1 km,Mercedes-Benz CLA 250 AMG Line 7G-DCT,Benzyna,Automatyczna,FALSE
https://www.otomoto.pl/osobowe/oferta/mercedes-benz-cla-ID6Ha7u5.html,138 000,2022,71 000 km,Mercedes-Benz CLA 250 Shooting Brake 7G-DCT AMG Line,Benzyna,Automatyczna,FALSE
https://www.otomoto.pl/osobowe/oferta/mercedes-benz-cla-dostepny-od-reki-ID6Ha93B.html,204 918,2024,1 km,Mercedes-Benz CLA 200 AMG Line 7G-DCT,Benzyna,Automatyczna,FALSE
https://www.otomoto.pl/osobowe/oferta/mercedes-benz-cla-amg-line-f-vat-salon-polska-gwarancja-ID6H1ZdA.html,145 900,2021,40 000 km,Mercedes-Benz CLA,Diesel,Automatyczna,FALSE
https://www.otomoto.pl/osobowe/oferta/mercedes-benz-cla-amg-line-kamera-pamiec-ambiente-keyless-martwe-pole-fv23-ID6GpQuQ.html,219 900,2023,2 530 km,Mercedes-Benz CLA 200 mHEV AMG Line 7G-DCT,Benzyna,Automatyczna,FALSE
https://www.otomoto.pl/osobowe/oferta/mercedes-benz-cla-mercedes-cla-na-gwarancji-producenta-do-2026-ID6GKhn9.html,109 500,2020,105 000 km,Mercedes-Benz CLA 200 AMG Line 7G-DCT,Benzyna,Automatyczna,FALSE
https://www.otomoto.pl/osobowe/oferta/mercedes-benz-cla-cla-200-progressive-salon-polska-fv-23-ID6Ha7CM.html,149 900,2024,8 642 km,Mercedes-Benz CLA,Benzyna,Automatyczna,FALSE
https://www.otomoto.pl/osobowe/oferta/mercedes-benz-cla-200-mb-motors-janki-ID6GqnZY.html,198 299,2023,5 km,Mercedes-Benz CLA,Benzyna,Automatyczna,FALSE
https://www.otomoto.pl/osobowe/oferta/mercedes-benz-cla-cla200-amg-pakiet-fv23-ID6F2FdW.html,139 900,2021,83 867 km,Mercedes-Benz CLA 200 AMG Line 7G-DCT,Benzyna,Automatyczna,FALSE
https://www.otomoto.pl/osobowe/oferta/mercedes-benz-cla-amg-advanced-plus-leasing-od-105-5-pakiet-kamer-360-ID6H2HS8.html,201 990,2024,5 km,Mercedes-Benz CLA 200 AMG Line 7G-DCT,Benzyna,Automatyczna,FALSE
https://www.otomoto.pl/osobowe/oferta/mercedes-benz-cla-amg-advanced-plus-night-multibeam-led-ID6H2HS9.html,200 484,2024,5 km,Mercedes-Benz CLA 200 AMG Line 7G-DCT,Benzyna,Automatyczna,FALSE
https://www.otomoto.pl/osobowe/oferta/mercedes-benz-cla-amg-advanced-plus-leasing-od-105-5-ID6H2HWb.html,211 608,2024,5 km,Mercedes-Benz CLA 220 4-Matic AMG Line 7G-DCT,Benzyna,Automatyczna,FALSE
https://www.otomoto.pl/osobowe/oferta/mercedes-benz-cla-amg-premium-leasing-od-105-5-pakiet-kamer-360-ID6H2I2a.html,210 829,2024,5 km,Mercedes-Benz CLA 200 AMG Line 7G-DCT,Benzyna,Automatyczna,FALSE
https://www.otomoto.pl/osobowe/oferta/mercedes-benz-cla-amg-dach-panoramiczny-multibeam-led-keyless-go-kola-19-ID6H38Tx.html,189 999,2024,4 000 km,Mercedes-Benz CLA 200 AMG Line 7G-DCT,Benzyna,Automatyczna,FALSE
https://www.otomoto.pl/osobowe/oferta/mercedes-benz-cla-salon-polska-fv23-gwarancja-serwisowa-skora-89-430-netto-ID6H8kHJ.html,109 998,2022,149 993 km,Mercedes-Benz CLA 200 7G-DCT,Benzyna,Automatyczna,FALSE
https://www.otomoto.pl/osobowe/oferta/mercedes-benz-cla-ID6GKaGN.html,210 450,2024,10 km,Mercedes-Benz CLA 200 AMG Line 7G-DCT,Benzyna,Automatyczna,FALSE
https://www.otomoto.pl/osobowe/oferta/mercedes-benz-cla-1-3-163-km-salon-pl-1-wl-vat-23-kamera-360-ambiente-ID6H72Bo.html,147 598,2022,26 601 km,Mercedes-Benz CLA 200 7G-DCT,Benzyna,Automatyczna,FALSE
https://www.otomoto.pl/osobowe/oferta/mercedes-benz-cla-salon-fv23-gwarancja-serwisowa-73089-netto-ID6H6XVp.html,89 900,2021,189 843 km,Mercedes-Benz CLA,Diesel,Automatyczna,FALSE
https://www.otomoto.pl/osobowe/oferta/mercedes-benz-cla-cla200-od-dealera-fv23-z-polskiego-salonu-amg-line-pakiet-night-ID6H1XI2.html,184 900,2024,24 800 km,Mercedes-Benz CLA,Benzyna,Automatyczna,FALSE
https://www.otomoto.pl/osobowe/oferta/mercedes-benz-cla-dach-panoramiczny-aktywny-tempomat-distronic-keyless-entry-ID6H7vc5.html,199 900,2024,10 956 km,Mercedes-Benz CLA 200 Progressive 7G-DCT,Benzyna,Automatyczna,FALSE
https://www.otomoto.pl/osobowe/oferta/mercedes-benz-cla-amg-night-keyless-go-eq-boost-mbux-ID6GJCQG.html,169 900,2023,33 020 km,Mercedes-Benz CLA,Benzyna,Automatyczna,FALSE
https://www.otomoto.pl/osobowe/oferta/mercedes-benz-cla-amg-advanced-plus-night-multibeam-demo-salon-pl-fv23-ID6GrawE.html,189 700,2024,16 500 km,Mercedes-Benz CLA 200 AMG Line 7G-DCT,Benzyna,Automatyczna,FALSE
https://www.otomoto.pl/osobowe/oferta/mercedes-benz-cla-fv23-mbux-tempomat-kamera-360-led-ambiente-keyless-go-ID6GgcTf.html,189 900,2023,15 400 km,Mercedes-Benz CLA 200 d AMG Line 8G-DCT,Diesel,Automatyczna,FALSE
https://www.otomoto.pl/osobowe/oferta/mercedes-benz-cla-cla-200-coupe-163km-dostepny-od-reki-ID6H49Il.html,201 000,2024,1 km,Mercedes-Benz CLA 200 AMG Line 7G-DCT,Benzyna,Automatyczna,FALSE
https://www.otomoto.pl/osobowe/oferta/mercedes-benz-cla-ID6H7ujl.html,169 887,2024,1 km,Mercedes-Benz CLA,Benzyna,Automatyczna,FALSE
https://www.otomoto.pl/osobowe/oferta/mercedes-benz-cla-200-d-demo-emil-frey-select-ID6GE9Sn.html,204 900,2024,29 000 km,Mercedes-Benz CLA,Diesel,Automatyczna,FALSE
https://www.otomoto.pl/osobowe/oferta/mercedes-benz-cla-ID6Ha3L8.html,139 900,2022,29 480 km,Mercedes-Benz CLA,Benzyna,Automatyczna,FALSE
https://www.otomoto.pl/osobowe/oferta/mercedes-benz-cla-mercedes-benz-cla-200-salon-pl-bezwypadkowy-pierwszy-wlasciciel-ID6HbgNg.html,159 900,2023,37 288 km,Mercedes-Benz CLA 200 mHEV AMG Line 7G-DCT,Hybryda,Automatyczna,FALSE
https://www.otomoto.pl/osobowe/oferta/mercedes-benz-cla-cla-200-shooting-brake-163km-dostepny-od-reki-ID6H5lt2.html,205 550,2024,1 km,Mercedes-Benz CLA 200 AMG Line 7G-DCT,Benzyna,Automatyczna,FALSE
https://www.otomoto.pl/osobowe/oferta/mercedes-benz-cla-cla220-4matic-190km-pakiet-amg-premium-fv23-aso-mercedes-benz-ID6GXXB7.html,224 900,2024,14 240 km,Mercedes-Benz CLA,Benzyna,Automatyczna,FALSE
https://www.otomoto.pl/osobowe/oferta/mercedes-benz-cla-cla200d-shooting-brake-od-dealera-fv23-z-polskiego-salonu-ID6H12e9.html,179 900,2023,14 700 km,Mercedes-Benz CLA,Diesel,Automatyczna,FALSE
https://www.otomoto.pl/osobowe/oferta/mercedes-benz-cla-cla200-od-dealera-fv23-z-polskiego-salonu-amg-line-pakiet-night-ID6H12gg.html,184 900,2024,16 600 km,Mercedes-Benz CLA,Benzyna,Automatyczna,FALSE
https://www.otomoto.pl/osobowe/oferta/mercedes-benz-cla-cla200-od-dealera-fv23-z-polskiego-salonu-amg-line-pakiet-night-ID6H12fo.html,184 900,2024,20 300 km,Mercedes-Benz CLA,Benzyna,Automatyczna,FALSE
https://www.otomoto.pl/osobowe/oferta/mercedes-benz-cla-mercedes-benz-cla-200-d-2023-ID6GPv4z.html,189 900,2023,10 330 km,Mercedes-Benz CLA 200 d AMG Line 8G-DCT,Diesel,Automatyczna,FALSE
https://www.otomoto.pl/osobowe/oferta/mercedes-benz-cla-mercedes-cla-45s-ID6H5ip8.html,221 400,2021,72 000 km,Mercedes-Benz CLA AMG 45 S 4-Matic 8G-DCT,Benzyna,Automatyczna,FALSE
https://www.otomoto.pl/osobowe/oferta/mercedes-benz-cla-amg-line-panorama-fv-23-aso-gwarancja-polski-salon-od-dealera-ID6GTW8g.html,199 900,2024,13 500 km,Mercedes-Benz CLA,Benzyna,Automatyczna,FALSE
https://www.otomoto.pl/osobowe/oferta/mercedes-benz-cla-stylizacja-amg-keyless-go-kamera-cofania-ID6H7rTZ.html,194 135,2024,1 km,Mercedes-Benz CLA,Benzyna,Automatyczna,FALSE
https://www.otomoto.pl/osobowe/oferta/mercedes-benz-cla-salon-polska-fv23-gwarancja-serwisowa-amg-line-94-227-netto-ID6HbfE0.html,115 899,2020,179 991 km,Mercedes-Benz CLA 220 d AMG Line 8G-DCT,Diesel,Automatyczna,FALSE
https://www.otomoto.pl/osobowe/oferta/mercedes-benz-cla-35-amg-4matic-2020r-306km-cesja-leasingu-ID6GGArg.html,220 000,2020,89 000 km,Mercedes-Benz CLA AMG 35 4-Matic 7G-DCT,Benzyna,Automatyczna,FALSE
https://www.otomoto.pl/osobowe/oferta/mercedes-benz-cla-200-pakiet-amg-keyless-led-faktura-vat23-ID6H7rip.html,164 900,2023,39 140 km,Mercedes-Benz CLA,Benzyna,Automatyczna,FALSE
https://www.otomoto.pl/osobowe/oferta/mercedes-benz-cla-cla180-amg-line-salon-pl-od-dealera-kamera-gwarancja-fv-vat23-ID6H7qUR.html,154 900,2023,13 700 km,Mercedes-Benz CLA,Benzyna,Automatyczna,FALSE
https://www.otomoto.pl/osobowe/oferta/mercedes-benz-cla-200-shooting-brake-carplay-pakiet-night-faktura-vat23-ID6GOPW2.html,144 900,2023,23 913 km,Mercedes-Benz CLA,Benzyna,Automatyczna,FALSE
https://www.otomoto.pl/osobowe/oferta/mercedes-benz-cla-ID6Hbff1.html,179 900,2023,21 300 km,Mercedes-Benz CLA,Diesel,Automatyczna,FALSE
https://www.otomoto.pl/osobowe/oferta/mercedes-benz-cla-ID6H7q9p.html,194 331,2024,1 km,Mercedes-Benz CLA,Benzyna,Automatyczna,FALSE
https://www.otomoto.pl/osobowe/oferta/mercedes-benz-cla-250-e-phev-amg-line-8g-dct-na-gwarancji-do-11-09-2028-lub-200-tys-km-ID6H3u5N.html,179 000,2023,10 070 km,Mercedes-Benz CLA 250 e PHEV AMG Line 8G-DCT,Hybryda Plug-in,Automatyczna,FALSE
https://www.otomoto.pl/osobowe/oferta/mercedes-benz-cla-cla-200d-pakiet-amg-pakiet-night-premium-ID6H6hyU.html,194 900,2023,29 170 km,Mercedes-Benz CLA,Diesel,Automatyczna,FALSE
https://www.otomoto.pl/osobowe/oferta/mercedes-benz-cla-amg-kamera-360multibeam-led-ID6GP0y1.html,203 661,2024,5 km,Mercedes-Benz CLA 200 AMG Line 7G-DCT,Benzyna,Automatyczna,FALSE
https://www.otomoto.pl/osobowe/oferta/mercedes-benz-cla-180-progressive-carplay-faktura-vat-23-emil-frey-select-ID6HbeC8.html,129 900,2022,36 000 km,Mercedes-Benz CLA,Benzyna,Automatyczna,FALSE
https://www.otomoto.pl/osobowe/oferta/mercedes-benz-cla-salon-polska-fv23-gwarancja-serwisowa-shooting-brake-89-349-netto-ID6HbeB2.html,109 899,2020,99 556 km,Mercedes-Benz CLA 220 d AMG Line 8G-DCT,Diesel,Automatyczna,FALSE
https://www.otomoto.pl/osobowe/oferta/mercedes-benz-cla-200-pakiet-amg-dach-panoramiczny-faktura-vat-23-emil-frey-select-ID6Hbevr.html,169 900,2023,17 282 km,Mercedes-Benz CLA,Benzyna,Automatyczna,FALSE
https://www.otomoto.pl/osobowe/oferta/mercedes-benz-cla-ID6H9Y50.html,252 742,2024,1 km,Mercedes-Benz CLA,Benzyna,Automatyczna,FALSE
https://www.otomoto.pl/osobowe/oferta/mercedes-benz-cla-cla-200-shooting-brake-salon-pl-kamera-keyless-go-fv-vat23-ID6H9XGf.html,174 900,2023,12 900 km,Mercedes-Benz CLA,Benzyna,Automatyczna,FALSE
https://www.otomoto.pl/osobowe/oferta/mercedes-benz-cla-mercedes-amg-cla-45-s-4matic-coupe-ID6H8qEb.html,245 000,2022,76 900 km,Mercedes-Benz CLA AMG 45 S 4-Matic 8G-DCT,Benzyna,Automatyczna,FALSE
https://www.otomoto.pl/osobowe/oferta/mercedes-benz-cla-amg-line-led-salonpl-1-wl-fv-23-gwarancja-dostawa-ID6H9kU4.html,137 900,2021,49 778 km,Mercedes-Benz CLA 200 AMG Line 7G-DCT,Benzyna,Automatyczna,TRUE
https://www.otomoto.pl/osobowe/oferta/mercedes-benz-cla-amg-line-ambiente-led-salonpl-fv-23-gwarancja-dostawa-ID6H8qpP.html,122 900,2021,110 569 km,Mercedes-Benz CLA,Benzyna,Automatyczna,FALSE
https://www.otomoto.pl/osobowe/oferta/mercedes-benz-cla-amg-line-ambiente-led-salonpl-fv-23-gwarancja-dostawa-ID6H8qm1.html,135 900,2021,71 345 km,Mercedes-Benz CLA,Benzyna,Automatyczna,FALSE
https://www.otomoto.pl/osobowe/oferta/mercedes-benz-cla-ID6H0yBW.html,238 405,2024,1 km,Mercedes-Benz CLA,Benzyna,Automatyczna,FALSE
https://www.otomoto.pl/osobowe/oferta/mercedes-benz-cla-ID6GWX1i.html,223 827,2024,1 km,Mercedes-Benz CLA,Benzyna,Automatyczna,FALSE
https://www.otomoto.pl/osobowe/oferta/mercedes-benz-cla-ID6H0if8.html,247 037,2024,1 km,Mercedes-Benz CLA,Benzyna,Automatyczna,FALSE
https://www.otomoto.pl/osobowe/oferta/mercedes-benz-cla-200-amg-line-7g-dct-1-wlasciciel-salon-polska-fv-23-gwarancja-dost-ID6H7nP0.html,138 900,2021,38 743 km,Mercedes-Benz CLA 200 AMG Line 7G-DCT,Benzyna,Automatyczna,FALSE
https://www.otomoto.pl/osobowe/oferta/mercedes-benz-cla-salon-pl-amg-line-kamera-advantage-ID6GTFMZ.html,145 000,2023,38 135 km,Mercedes-Benz CLA 200 AMG Line 7G-DCT,Benzyna,Automatyczna,FALSE
https://www.otomoto.pl/osobowe/oferta/mercedes-benz-cla-cla-200-amg-gwarancja-salon-pl-fv23-dealer-zasada-ID6H3o9y.html,169 900,2023,18 797 km,Mercedes-Benz CLA 200 AMG Line 7G-DCT,Benzyna,Automatyczna,FALSE
https://www.otomoto.pl/osobowe/oferta/mercedes-benz-cla-mercedes-benz-cla-250e-shooting-brake-8g-dct-ID6H8mNW.html,112 155,2020,22 280 km,Mercedes-Benz CLA 250 E 8G-DCT,Hybryda Plug-in,Automatyczna,FALSE
https://www.otomoto.pl/osobowe/oferta/mercedes-benz-cla-salon-polska-polroczny-radary-ID6GONvY.html,158 400,2024,18 000 km,Mercedes-Benz CLA,Benzyna,Automatyczna,FALSE
https://www.otomoto.pl/osobowe/oferta/mercedes-benz-cla-cla-220d-shooting-brake-pakiet-amg-premium-fv-23-ID6GAZy9.html,144 900,2021,105 140 km,Mercedes-Benz CLA,Diesel,Automatyczna,FALSE
https://www.otomoto.pl/osobowe/oferta/mercedes-benz-cla-cla-200-fv23-polski-salon-ID6Hb9EV.html,208 900,2024,6 057 km,Mercedes-Benz CLA 200 AMG Line 7G-DCT,Benzyna,Automatyczna,FALSE
https://www.otomoto.pl/osobowe/oferta/mercedes-benz-cla-wyjatkowy-pakiet-amg-line-wersja-us-2-0-turbo-221-km-ID6H8kU9.html,125 000,2023,41 000 km,Mercedes-Benz CLA 250 AMG Line 7G-DCT,Benzyna,Automatyczna,FALSE
https://www.otomoto.pl/osobowe/oferta/mercedes-benz-cla-mercedes-benz-200-7g-dct-ID6H58Yt.html,135 000,2022,20 000 km,Mercedes-Benz CLA 200 7G-DCT,Benzyna,Automatyczna,FALSE
https://www.otomoto.pl/osobowe/oferta/mercedes-benz-cla-cla-250e-pakiet-amg-pakiet-night-fv-23-ID6H7fWN.html,134 900,2021,44 716 km,Mercedes-Benz CLA,Hybryda,Automatyczna,FALSE
https://www.otomoto.pl/osobowe/oferta/mercedes-benz-cla-mercedes-benz-cla-45s-salon-polska-bezwypadkowy-421-km-fv-23-ID6H8kP9.html,249 900,2022,32 313 km,Mercedes-Benz CLA,Benzyna,Automatyczna,FALSE
https://www.otomoto.pl/osobowe/oferta/mercedes-benz-cla-mercedes-benz-autotorino-warszawa-cla-200-amg-line-ID6GAoJC.html,226 576,2024,1 km,Mercedes-Benz CLA,Benzyna,Automatyczna,FALSE
https://www.otomoto.pl/osobowe/oferta/mercedes-benz-cla-shooting-brake-7g-dct-amg-line-salon-pl-fv-23-ID6H7dXs.html,169 900,2023,14 377 km,Mercedes-Benz CLA 200 AMG Line 7G-DCT,Benzyna,Automatyczna,FALSE
https://www.otomoto.pl/osobowe/oferta/mercedes-benz-cla-mercedes-benz-cla-200-sb-pakiet-amg-nowy-2024-ID6Gz9QY.html,202 783,2024,10 km,Mercedes-Benz CLA,Benzyna,Automatyczna,FALSE
https://www.otomoto.pl/osobowe/oferta/mercedes-benz-cla-mercedes-benz-cla-200-coupe-ID6GNHGH.html,203 802,2024,10 km,Mercedes-Benz CLA,Benzyna,Automatyczna,FALSE
https://www.otomoto.pl/osobowe/oferta/mercedes-benz-cla-mercedes-benz-cla-250e-ID6GnOoC.html,206 722,2023,11 900 km,Mercedes-Benz CLA,Hybryda,Automatyczna,FALSE
https://www.otomoto.pl/osobowe/oferta/mercedes-benz-cla-200-coup-amg-bogate-wyposazenie-rocznik-2025-ID6H9MKb.html,211 900,2025,5 km,Mercedes-Benz CLA,Benzyna,Automatyczna,FALSE
https://www.otomoto.pl/osobowe/oferta/mercedes-benz-cla-ID6GJDgj.html,159 900,2023,17 373 km,Mercedes-Benz CLA,Benzyna,Automatyczna,FALSE
https://www.otomoto.pl/osobowe/oferta/mercedes-benz-cla-cla250-shooting-brake-aso-salon-polska-gwarancja-ID6GWLZB.html,164 900,2021,81 900 km,Mercedes-Benz CLA,Benzyna,Automatyczna,FALSE
https://www.otomoto.pl/osobowe/oferta/mercedes-benz-cla-burmester-amg-night-keyless-go-mbux-ID6GQdpu.html,189 900,2021,75 750 km,Mercedes-Benz CLA,Benzyna,Automatyczna,FALSE
https://www.otomoto.pl/osobowe/oferta/mercedes-benz-cla-200-amg-panorama-hak-premium-pakiet-vat-23-ID6H8kjs.html,149 900,2022,32 900 km,Mercedes-Benz CLA 200 Shooting Brake 7G-DCT AMG Line,Benzyna,Automatyczna,FALSE
https://www.otomoto.pl/osobowe/oferta/mercedes-benz-cla-cla-200-coupe-7g-dct-dostepny-od-reki-ID6H1BkC.html,201 026,2024,1 km,Mercedes-Benz CLA 200 AMG Line 7G-DCT,Benzyna,Automatyczna,FALSE
https://www.otomoto.pl/osobowe/oferta/mercedes-benz-cla-200-amg-shooting-brake-7g-tronic-salon-polska-ID6H8jWv.html,184 900,2023,21 576 km,Mercedes-Benz CLA 200 AMG Line 7G-DCT,Benzyna,Automatyczna,FALSE
https://www.otomoto.pl/osobowe/oferta/mercedes-benz-cla-polski-salon-2023r-jak-nowy-13tkm-amg-line-ambiente-kamera-fv23-ID6H8jOb.html,132 000,2023,13 000 km,Mercedes-Benz CLA,Benzyna,Automatyczna,FALSE
https://www.otomoto.pl/osobowe/oferta/mercedes-benz-cla-piekny-ambiente-kamera-virtual-keyless-znaki-line-assist-ID6H52Il.html,104 800,2020,149 000 km,Mercedes-Benz CLA 200 7G-DCT,Benzyna,Automatyczna,FALSE
https://www.otomoto.pl/osobowe/oferta/mercedes-benz-cla-mercedes-cla-250-4-matic-amg-line-7g-dct-shooting-brake-ID6GQrav.html,155 900,2020,40 300 km,Mercedes-Benz CLA 250 4-Matic AMG Line 7G-DCT,Benzyna,Automatyczna,FALSE
https://www.otomoto.pl/osobowe/oferta/mercedes-benz-cla-cla-35amg-4m-demo-premium-night-kamera-mbux-pg24-salon-pl-fv23-ID6Hb6BQ.html,249 900,2023,6 600 km,Mercedes-Benz CLA,Benzyna,Automatyczna,FALSE
https://www.otomoto.pl/osobowe/oferta/mercedes-benz-cla-cla-200-salon-polska-fv23-ID6GTNZd.html,149 900,2024,11 480 km,Mercedes-Benz CLA,Benzyna,Automatyczna,FALSE
https://www.otomoto.pl/osobowe/oferta/mercedes-benz-cla-pakiet-amg-ppf-czarny-dach-pakiet-night-ID6H8dGF.html,199 900,2024,17 400 km,Mercedes-Benz CLA 200 d AMG Line 8G-DCT,Diesel,Automatyczna,FALSE
https://www.otomoto.pl/osobowe/oferta/mercedes-benz-cla-mercedes-benz-cla-200-amg-line-demonstracyjny-ID6GGsnV.html,184 900,2023,3 000 km,Mercedes-Benz CLA 200 AMG Line 7G-DCT,Benzyna,Automatyczna,FALSE
https://www.otomoto.pl/osobowe/oferta/mercedes-benz-cla-ID6GExAu.html,182 900,2023,31 505 km,Mercedes-Benz CLA 200 d AMG Line 8G-DCT,Diesel,Automatyczna,FALSE
https://www.otomoto.pl/osobowe/oferta/mercedes-benz-cla-oferta-dealera-salonpl-bezwypadkowy-aso-gwarancja-1wl-amg-night-vat23-ID6H6bOf.html,175 000,2024,36 806 km,Mercedes-Benz CLA 200 d AMG Line 8G-DCT,Diesel,Automatyczna,FALSE
https://www.otomoto.pl/osobowe/oferta/mercedes-benz-cla-cla220-4matic-amg-advanced-plus-ID6H9KhA.html,185 200,2023,19 800 km,Mercedes-Benz CLA,Benzyna,Automatyczna,FALSE
https://www.otomoto.pl/osobowe/oferta/mercedes-benz-cla-200-mb-motors-janki-rabat-specjalny-26000-ID6H8i55.html,206 900,2024,5 km,Mercedes-Benz CLA,Benzyna,Automatyczna,FALSE
https://www.otomoto.pl/osobowe/oferta/mercedes-benz-cla-cla-200-coupe-163km-dostepny-od-reki-ID6H5lpN.html,196 540,2024,1 km,Mercedes-Benz CLA,Benzyna,Automatyczna,FALSE
https://www.otomoto.pl/osobowe/oferta/mercedes-benz-cla-200-mb-motors-janki-ID6GB4Sk.html,210 499,2024,5 km,Mercedes-Benz CLA,Benzyna,Automatyczna,FALSE
https://www.otomoto.pl/osobowe/oferta/mercedes-benz-cla-ID6Hb5iY.html,139 900,2022,29 480 km,Mercedes-Benz CLA,Benzyna,Automatyczna,FALSE
https://www.otomoto.pl/osobowe/oferta/mercedes-benz-cla-salon-polska-fv23-gwarancja-serwisowa-94-227-netto-ID6Hb4LL.html,115 899,2020,59 889 km,Mercedes-Benz CLA 200 d 8G-DCT,Diesel,Automatyczna,FALSE
https://www.otomoto.pl/osobowe/oferta/mercedes-benz-cla-200-amg-line-pakiet-night-multibeam-led-faktura-vat23-ID6Hb4Hu.html,189 900,2024,9 265 km,Mercedes-Benz CLA,Benzyna,Automatyczna,FALSE
https://www.otomoto.pl/osobowe/oferta/mercedes-benz-cla-cla-200-progressive-salon-polska-fv23-certified-ID6H1AqE.html,149 900,2024,7 900 km,Mercedes-Benz CLA,Benzyna,Automatyczna,FALSE
https://www.otomoto.pl/osobowe/oferta/mercedes-benz-cla-fv23-2024-pakiet-amg-gwarancja-niski-przebieg-premium-plus-ID6GZNQQ.html,194 900,2024,12 354 km,Mercedes-Benz CLA,Benzyna,Automatyczna,FALSE
https://www.otomoto.pl/osobowe/oferta/mercedes-benz-cla-ID6H8ghR.html,227 900,2023,24 008 km,Mercedes-Benz CLA,Hybryda,Automatyczna,FALSE
https://www.otomoto.pl/osobowe/oferta/mercedes-benz-cla-cla200-amg-line-multibeam-led-kamera-cofania-ambiente-keyless-fv-ID6Hb3aI.html,184 900,2023,6 900 km,Mercedes-Benz CLA 200 AMG Line 7G-DCT,Benzyna,Automatyczna,FALSE
https://www.otomoto.pl/osobowe/oferta/mercedes-benz-cla-200-pakiet-amg-kamera-cofania-led-fv23-ID6GN2TN.html,169 900,2023,15 386 km,Mercedes-Benz CLA,Benzyna,Automatyczna,FALSE
https://www.otomoto.pl/osobowe/oferta/mercedes-benz-cla-cla-200-amg-od-dealera-fv23-mercedes-benz-certified-ID6GPxwH.html,178 900,2023,10 600 km,Mercedes-Benz CLA,Benzyna,Automatyczna,FALSE
https://www.otomoto.pl/osobowe/oferta/mercedes-benz-cla-cla45-shooting-brake-stan-idealny-ID6H8fpY.html,285 900,2020,18 000 km,Mercedes-Benz CLA AMG 45 4-Matic 8G-DCT,Benzyna,Automatyczna,FALSE
https://www.otomoto.pl/osobowe/oferta/mercedes-benz-cla-35-4matic-shooting-brake-mb-motors-piaseczno-ID6H694D.html,270 199,2024,5 km,Mercedes-Benz CLA,Benzyna,Automatyczna,FALSE
https://www.otomoto.pl/osobowe/oferta/mercedes-benz-cla-ID6Hb1Ww.html,112 900,2020,176 000 km,Mercedes-Benz CLA 200 d 4-Matic AMG Line 8G-DCT,Diesel,Automatyczna,FALSE
https://www.otomoto.pl/osobowe/oferta/mercedes-benz-cla-1-5cdi-115km-klima-temp-voice-assistant-full-led-blis-kamera-panorama-ID6H1oOS.html,63 900,2020,203 004 km,Mercedes-Benz CLA,Diesel,Manualna,FALSE
https://www.otomoto.pl/osobowe/oferta/mercedes-benz-cla-200-amg-7g-tronic-dct-163-km-demo-salon-polska-ID6GuEX0.html,199 900,2023,13 000 km,Mercedes-Benz CLA 200 AMG Line 7G-DCT,Benzyna,Automatyczna,FALSE
https://www.otomoto.pl/osobowe/oferta/mercedes-benz-cla-250-e-amg-shooting-brake-8g-tronic-salon-polska-ID6GJyai.html,164 900,2022,44 528 km,Mercedes-Benz CLA 250 E AMG Line 8G-DCT,Hybryda Plug-in,Automatyczna,FALSE
https://www.otomoto.pl/osobowe/oferta/mercedes-benz-cla-stylizacja-amg-kamera-cofania-keyless-go-ID6H5wSh.html,184 422,2024,1 km,Mercedes-Benz CLA,Benzyna,Automatyczna,FALSE
https://www.otomoto.pl/osobowe/oferta/mercedes-benz-cla-200-shooting-brake-rocznik-2025-ID6H68Ks.html,217 900,2025,5 km,Mercedes-Benz CLA,Benzyna,Automatyczna,FALSE
https://www.otomoto.pl/osobowe/oferta/mercedes-benz-cla-220-4matic-pakiet-amg-premium-salo-pl-fv23-auto-frelik-ID6Hb0yB.html,234 900,2024,10 300 km,Mercedes-Benz CLA 220 4-Matic AMG Line 7G-DCT,Benzyna,Automatyczna,FALSE
https://www.otomoto.pl/osobowe/oferta/mercedes-benz-cla-kombi-sb-163-km-fv23-salon-polska-serwis-aso-ID6GyQ1q.html,138 999,2022,51 315 km,Mercedes-Benz CLA 200 AMG Line 7G-DCT,Benzyna,Automatyczna,FALSE
https://www.otomoto.pl/osobowe/oferta/mercedes-benz-cla-mercedes-cla-250-cesja-leasingu-ID6GGBR3.html,175 000,2022,75 000 km,Mercedes-Benz CLA 250 AMG Line 7G-DCT,Benzyna,Automatyczna,FALSE
https://www.otomoto.pl/osobowe/oferta/mercedes-benz-cla-salon-polska-fv23-gwarancja-serwisowa-progressive-81300-netto-ID6H9Gwk.html,99 999,2020,169 888 km,Mercedes-Benz CLA 200 d Edition 1 8G-DCT,Diesel,Automatyczna,FALSE
https://www.otomoto.pl/osobowe/oferta/mercedes-benz-cla-cla-200-amg-premiumplus-night-panorama-burmasters-multibeam-pg-pl-fv23-ID6GHAOh.html,194 900,2023,7 200 km,Mercedes-Benz CLA,Benzyna,Automatyczna,FALSE
https://www.otomoto.pl/osobowe/oferta/mercedes-benz-cla-fabrycznie-nowy-gwar-amg-line-panorama-headup-salon-pl-vat-23-ID6HaZgt.html,189 900,2024,20 km,Mercedes-Benz CLA 200 AMG Line 7G-DCT,Benzyna,Automatyczna,FALSE
https://www.otomoto.pl/osobowe/oferta/mercedes-benz-cla-salon-polska-bezwypadkowy-serwis-aso-pierwszy-wl-fv-23-ID6H6GQ6.html,289 900,2022,68 870 km,Mercedes-Benz CLA AMG 45 S 4-Matic 8G-DCT,Benzyna,Automatyczna,FALSE
https://www.otomoto.pl/osobowe/oferta/mercedes-benz-cla-cla200-led-amg-kamera-keylessgo-martwepole-panorama-fv23-aso-ID6H5ghi.html,164 900,2023,20 998 km,Mercedes-Benz CLA 200 AMG Line 7G-DCT,Benzyna,Automatyczna,FALSE
https://www.otomoto.pl/osobowe/oferta/mercedes-benz-cla-2-0-150-amg-automat-kamera-ambiente-led-tablet-ast-pasa-ID6GCQWf.html,133 999,2020,136 549 km,Mercedes-Benz CLA 200 d 8G-DCT AMG Line Advanced Plus,Diesel,Automatyczna,FALSE
https://www.otomoto.pl/osobowe/oferta/mercedes-benz-cla-cla180-amg-line-niebieski-hyper-wyprzedaz-rocznika-2024-mb-motors-ID6GAh0P.html,188 900,2024,10 km,Mercedes-Benz CLA,Benzyna,Automatyczna,FALSE
https://www.otomoto.pl/osobowe/oferta/mercedes-benz-cla-fv23-pakiet-aerodynamiczny-salon-pl-fotele-performance-ID6GZmEq.html,329 900,2024,5 930 km,Mercedes-Benz CLA AMG 45 S 4-Matic+ 8G-DCT,Benzyna,Automatyczna,FALSE
https://www.otomoto.pl/osobowe/oferta/mercedes-benz-cla-robi-wrazenie-braz-skory-kamera-full-led-virtual-tryby-jazdy-1wl-ID6GZpbz.html,99 800,2020,129 000 km,Mercedes-Benz CLA 180 d AMG Line 7G-DCT,Diesel,Automatyczna,FALSE
https://www.otomoto.pl/osobowe/oferta/mercedes-benz-cla-faktura-23-pl-salon-moc-363-km-ID6H6CXu.html,216 900,2021,50 000 km,Mercedes-Benz CLA AMG 35 4-Matic 7G-DCT,Benzyna,Automatyczna,FALSE
https://www.otomoto.pl/osobowe/oferta/mercedes-benz-cla-mercedes-benz-cla-shooting-brake-serwis-aso-przebieg-37-tys-ID6HaSxs.html,139 000,2020,37 000 km,Mercedes-Benz CLA 200 d Shooting Brake,Diesel,Manualna,FALSE
https://www.otomoto.pl/osobowe/oferta/mercedes-benz-cla-mercedes-benz-cla-35-amg-po-serwisie-bogata-wersja-cena-do-negocjacji-ID6H0lIi.html,174 000,2021,47 636 km,Mercedes-Benz CLA AMG 35 4-Matic 7G-DCT,Benzyna,Automatyczna,FALSE
https://www.otomoto.pl/osobowe/oferta/mercedes-benz-cla-200-shootingbreak-premium-1wl-salonpl-fv23-ID6GEGZ2.html,169 900,2023,21 520 km,Mercedes-Benz CLA 200 Shooting Brake 7G-DCT AMG Line,Benzyna,Automatyczna,FALSE
https://www.otomoto.pl/osobowe/oferta/mercedes-benz-cla-mercedes-benz-cla-35-amg-pl-salon-i-wlasciciel-bezwypadkowy-ID6H6ANu.html,187 999,2020,52 000 km,Mercedes-Benz CLA AMG 35 4-Matic 7G-DCT,Benzyna,Automatyczna,FALSE
https://www.otomoto.pl/osobowe/oferta/mercedes-benz-cla-dostepny-od-reki-ID6H89y8.html,191 454,2024,1 km,Mercedes-Benz CLA 200 7G-DCT,Benzyna,Automatyczna,FALSE
https://www.otomoto.pl/osobowe/oferta/mercedes-benz-cla-stylizacja-amg-kamera-cofania-keyless-go-ID6H89x1.html,214 900,2025,5 km,Mercedes-Benz CLA,Benzyna,,FALSE
https://www.otomoto.pl/osobowe/oferta/mercedes-benz-cla-200-progressive-salon-polska-fv23-ID6GTHdd.html,149 900,2024,15 377 km,Mercedes-Benz CLA,Benzyna,Automatyczna,FALSE
https://www.otomoto.pl/osobowe/oferta/mercedes-benz-cla-amg-advanced-plus-dach-panoramiczny-keyless-go-ID6H9wzQ.html,183 900,2024,1 560 km,Mercedes-Benz CLA 200 AMG Line 7G-DCT,Benzyna,Automatyczna,FALSE
https://www.otomoto.pl/osobowe/oferta/mercedes-benz-cla-amg-line-faktura-vat-23-ID6GOc2m.html,169 900,2023,26 080 km,Mercedes-Benz CLA 200 AMG Line 7G-DCT,Benzyna,Automatyczna,FALSE
https://www.otomoto.pl/osobowe/oferta/mercedes-benz-cla-mercedes-benz-cla-250-7g-dct-ID6H8yvz.html,187 500,2022,30 900 km,Mercedes-Benz CLA,Benzyna,Automatyczna,FALSE
https://www.otomoto.pl/osobowe/oferta/mercedes-benz-cla-mercedes-benz-cla-200d-coupe-ID6H73iN.html,193 078,2024,1 km,Mercedes-Benz CLA,Diesel,Automatyczna,FALSE
https://www.otomoto.pl/osobowe/oferta/mercedes-benz-cla-cla-180-shooting-brake-progresive-wyprzedaz-rocznika-2024-mb-motors-ID6GhXfv.html,184 900,2024,10 km,Mercedes-Benz CLA,Benzyna,Automatyczna,FALSE
https://www.otomoto.pl/osobowe/oferta/mercedes-benz-cla-cla-200-coupe-7g-dct-dostepny-od-reki-ID6GYJil.html,190 519,2024,1 km,Mercedes-Benz CLA 200 AMG Line 7G-DCT,Benzyna,Automatyczna,FALSE
https://www.otomoto.pl/osobowe/oferta/mercedes-benz-cla-cla-200-coupe-7g-dct-dostepny-od-reki-ID6GYxx5.html,193 931,2024,1 km,Mercedes-Benz CLA 200 AMG Line 7G-DCT,Benzyna,Automatyczna,FALSE
https://www.otomoto.pl/osobowe/oferta/mercedes-benz-cla-cla-200-coupe-7g-dct-dostepny-od-reki-ID6GYxvH.html,190 519,2024,1 km,Mercedes-Benz CLA 200 AMG Line 7G-DCT,Benzyna,Automatyczna,FALSE
https://www.otomoto.pl/osobowe/oferta/mercedes-benz-cla-magno-fotel-s-mega-opcja-salon-pl-faktura-vat23-ID6GY7yB.html,239 000,2022,34 000 km,Mercedes-Benz CLA AMG 45 S 4-Matic 8G-DCT,Benzyna,Automatyczna,FALSE
https://www.otomoto.pl/osobowe/oferta/mercedes-benz-cla-180-wyprzedaz-2024-promocyjne-finansowane-ID6H52hW.html,182 900,2024,5 km,Mercedes-Benz CLA,Benzyna,Automatyczna,FALSE
https://www.otomoto.pl/osobowe/oferta/mercedes-benz-cla-amg-line-panorama-fv-23-aso-gwarancja-polski-salon-od-dealera-ID6GWzSL.html,199 900,2024,14 500 km,Mercedes-Benz CLA,Benzyna,Automatyczna,FALSE
https://www.otomoto.pl/osobowe/oferta/mercedes-benz-cla-cla-200-coupe-163km-dostepny-od-reki-ID6H85Pi.html,233 117,2025,1 km,Mercedes-Benz CLA 200 AMG Line 7G-DCT,Benzyna,Automatyczna,FALSE
https://www.otomoto.pl/osobowe/oferta/mercedes-benz-cla-250-4matic-demo-emil-frey-select-ID6GAanz.html,254 599,2024,10 000 km,Mercedes-Benz CLA,Benzyna,Automatyczna,FALSE
https://www.otomoto.pl/osobowe/oferta/mercedes-benz-cla-ID6H84kR.html,195 295,2024,1 km,Mercedes-Benz CLA,Benzyna,Automatyczna,FALSE
https://www.otomoto.pl/osobowe/oferta/mercedes-benz-cla-cla-200-163km-dostepny-od-reki-ID6H3S7h.html,168 900,2024,1 km,Mercedes-Benz CLA 200 Progressive 7G-DCT,Benzyna,Automatyczna,FALSE
https://www.otomoto.pl/osobowe/oferta/mercedes-benz-cla-cla-200d-shooting-brake-150km-dostepny-od-reki-ID6H3S6Y.html,198 098,2024,1 km,Mercedes-Benz CLA 200 d AMG Line 8G-DCT,Diesel,Automatyczna,FALSE
https://www.otomoto.pl/osobowe/oferta/mercedes-benz-cla-salon-polska-190-km-amg-line-opcje-4-matic-faktura-vat-23-ID6GSqCa.html,139 900,2021,91 300 km,Mercedes-Benz CLA 220 d 4-Matic AMG Line 8G-DCT,Diesel,Automatyczna,FALSE
https://www.otomoto.pl/osobowe/oferta/mercedes-benz-cla-mercedes-benz-cla-200-ID6H83M7.html,206 900,2024,1 km,Mercedes-Benz CLA,Benzyna,Automatyczna,FALSE
https://www.otomoto.pl/osobowe/oferta/mercedes-benz-cla-200-d-shooting-brake-mb-motors-janki-ID6GKTfJ.html,255 099,2024,5 km,Mercedes-Benz CLA,Diesel,Automatyczna,FALSE
https://www.otomoto.pl/osobowe/oferta/mercedes-benz-cla-250-4matic-coupe-mb-motors-janki-ID6GKTk8.html,280 999,2024,5 km,Mercedes-Benz CLA,Benzyna,Automatyczna,FALSE
https://www.otomoto.pl/osobowe/oferta/mercedes-benz-cla-200-shooting-brake-pamiec-foteli-multibeam-led-faktura-vat23-ID6GTAlr.html,149 900,2024,5 000 km,Mercedes-Benz CLA,Benzyna,Automatyczna,FALSE
https://www.otomoto.pl/osobowe/oferta/mercedes-benz-cla-mercedes-benz-cla-250-ID6GSeeq.html,236 600,2024,1 km,Mercedes-Benz CLA,Hybryda,Automatyczna,FALSE
https://www.otomoto.pl/osobowe/oferta/mercedes-benz-cla-200-amg-paket-salon-polska-1-wlasciciel-serwis-aso-automat-ID6H9mFy.html,164 998,2024,10 982 km,Mercedes-Benz CLA,Benzyna,Automatyczna,FALSE
https://www.otomoto.pl/osobowe/oferta/mercedes-benz-cla-ID6H6rwj.html,430 754,2025,1 km,Mercedes-Benz CLA,Benzyna,Automatyczna,FALSE
https://www.otomoto.pl/osobowe/oferta/mercedes-benz-cla-cla-200-amg-line-163km-dostepny-od-reki-ID6H5YLD.html,199 999,2024,1 km,Mercedes-Benz CLA 200 AMG Line 7G-DCT,Benzyna,Automatyczna,FALSE
https://www.otomoto.pl/osobowe/oferta/mercedes-benz-cla-35-shootingbreak-4matic-amg-night-burmester-hak-1wl-salonpl-aso-fv23-ID6GVrz9.html,249 900,2024,9 100 km,Mercedes-Benz CLA AMG 35 4Matic Shooting B AMG Speedshift 7G-DCT,Benzyna,Automatyczna,FALSE
https://www.otomoto.pl/osobowe/oferta/mercedes-benz-cla-200-shooting-brake-salon-pl-fv23-ID6GY9Ed.html,119 900,2022,46 200 km,Mercedes-Benz CLA 200 Progressive 7G-DCT,Benzyna,Automatyczna,FALSE
https://www.otomoto.pl/osobowe/oferta/mercedes-benz-cla-cla-180-amg-line-pl-ambiente-carplay-kamera-bezwyp-1wl-fv23-ID6H3FK2.html,144 900,2023,39 000 km,Mercedes-Benz CLA 180 7G-DCT AMG Line,Benzyna,Automatyczna,FALSE
https://www.otomoto.pl/osobowe/oferta/mercedes-benz-cla-mercedes-benz-cla-220-4-matic-linia-amg-advanced-plus-ID6H3vsK.html,209 000,2024,6 900 km,Mercedes-Benz CLA 220 4-Matic AMG Line 7G-DCT,Benzyna,Automatyczna,FALSE
https://www.otomoto.pl/osobowe/oferta/mercedes-benz-cla-keylessgo-kamera-360-linia-amg-martwe-pole-ID6GNtpY.html,189 900,2023,15 400 km,Mercedes-Benz CLA 200 d AMG Line 8G-DCT,Diesel,Automatyczna,FALSE
https://www.otomoto.pl/osobowe/oferta/mercedes-benz-cla-fv23-2024-pakiet-amg-gwarancja-niski-przebieg-premium-plus-ID6H0Skw.html,194 900,2024,14 308 km,Mercedes-Benz CLA,Benzyna,Automatyczna,FALSE
https://www.otomoto.pl/osobowe/oferta/mercedes-benz-cla-salon-pl-amg-line-kamera-advantage-ID6GTZsa.html,145 000,2023,38 135 km,Mercedes-Benz CLA 200 AMG Line 7G-DCT,Benzyna,Automatyczna,FALSE
https://www.otomoto.pl/osobowe/oferta/mercedes-benz-cla-200-sobieslaw-zasada-automotive-fv-23-certified-ID6GYhlD.html,159 900,2023,12 357 km,Mercedes-Benz CLA 200 AMG Line 7G-DCT,Benzyna,Automatyczna,FALSE
https://www.otomoto.pl/osobowe/oferta/mercedes-benz-cla-salon-pl-bezwypadek-panorama-multi-beam-2xamg-naglosnienie-ID6HaPqq.html,125 000,2020,121 000 km,Mercedes-Benz CLA,Diesel,Automatyczna,FALSE
https://www.otomoto.pl/osobowe/oferta/mercedes-benz-cla-mercedes-cla-45s-amg-cesja-leasingu-korzystne-warunki-z-niska-rata-ID6H0Cat.html,290 000,2024,26 000 km,Mercedes-Benz CLA AMG 45 S 4-Matic+ 8G-DCT,Benzyna,Automatyczna,FALSE
https://www.otomoto.pl/osobowe/oferta/mercedes-benz-cla-linia-amg-dach-panoramiczny-multibeam-led-ID6H6WWS.html,201 966,2024,5 km,Mercedes-Benz CLA 200 AMG Line 7G-DCT,Benzyna,Automatyczna,FALSE
https://www.otomoto.pl/osobowe/oferta/mercedes-benz-cla-leasing-105-5-lease-drive-od-1345-75zl-netto-miesiecznie-ID6H6WWr.html,206 085,2024,5 km,Mercedes-Benz CLA 200 AMG Line 7G-DCT,Benzyna,Automatyczna,FALSE
https://www.otomoto.pl/osobowe/oferta/mercedes-benz-cla-amg-premium-multibeam-led-dach-panoramiczny-kamery-360-ID6GWu9j.html,219 198,2024,5 km,Mercedes-Benz CLA 200 AMG Line 7G-DCT,Benzyna,Automatyczna,FALSE
https://www.otomoto.pl/osobowe/oferta/mercedes-benz-cla-salon-polska-fv23-gwarancja-serwisowa-amg-line-94-227-netto-ID6GRO7X.html,115 899,2020,165 313 km,Mercedes-Benz CLA 220 d AMG Line 8G-DCT,Diesel,Automatyczna,FALSE
https://www.otomoto.pl/osobowe/oferta/mercedes-benz-cla-cla-220d-amg-line-190ps-virtual-ambiente-panorama-blis-kamera360-ID6HaOC3.html,109 900,2020,151 000 km,Mercedes-Benz CLA 220 d AMG Line 8G-DCT,Diesel,Automatyczna,FALSE
https://www.otomoto.pl/osobowe/oferta/mercedes-benz-cla-ID6H7XLX.html,193 078,2024,5 km,Mercedes-Benz CLA,Diesel,Automatyczna,FALSE
https://www.otomoto.pl/osobowe/oferta/mercedes-benz-cla-200-amg-line-panorama-led-kamera-faktura-vat23-ID6GAPPM.html,159 900,2021,56 164 km,Mercedes-Benz CLA,Benzyna,Automatyczna,FALSE
https://www.otomoto.pl/osobowe/oferta/mercedes-benz-cla-200-wyprzedaz-rocznika-2025-promocyjne-finansowanie-ID6H4WZY.html,199 900,2024,5 km,Mercedes-Benz CLA,Benzyna,Automatyczna,FALSE
https://www.otomoto.pl/osobowe/oferta/mercedes-benz-cla-cla-45-amg-s-salon-polska-487km-611nm-ID6H6nbh.html,190 000,2021,125 000 km,Mercedes-Benz CLA AMG 45 S 4-Matic 8G-DCT,Benzyna,Automatyczna,FALSE
https://www.otomoto.pl/osobowe/oferta/mercedes-benz-cla-200-shooting-brake-pamiec-foteli-multibeam-led-faktura-vat23-ID6GTsIt.html,149 900,2024,5 614 km,Mercedes-Benz CLA,Benzyna,Automatyczna,FALSE
https://www.otomoto.pl/osobowe/oferta/mercedes-benz-cla-cla-200-amg-line-premium-night-wyprzedaz-rocznika-2024-mb-motors-ID6GZytm.html,204 900,2024,10 km,Mercedes-Benz CLA,Benzyna,Automatyczna,FALSE
https://www.otomoto.pl/osobowe/oferta/mercedes-benz-cla-220d-4m-na-gwarancji-fabrycznej-do-08-2026-ID6H6n3M.html,117 500,2021,136 000 km,Mercedes-Benz CLA 220 d 4-Matic Progressive 8G-DCT,Diesel,Automatyczna,FALSE
https://www.otomoto.pl/osobowe/oferta/mercedes-benz-cla-mercedes-benz-amg-cla-35-bezwypadkowy-od-i-wlasciciela-full-wersja-ID6H6mVS.html,105 000,2023,50 000 km,Mercedes-Benz CLA AMG 35 4-Matic 7G-DCT,Benzyna,Automatyczna,FALSE
https://www.otomoto.pl/osobowe/oferta/mercedes-benz-cla-e-plug-in-amg-line-218km-aut-2021-r-salon-pl-i-wlasciciel-f-a-vat-ID6H6SOQ.html,154 900,2021,78 400 km,Mercedes-Benz CLA,Hybryda Plug-in,Automatyczna,FALSE
https://www.otomoto.pl/osobowe/oferta/mercedes-benz-cla-cla-180-progresive-bezowa-tapicerka-wyprzedaz-rocznika-2024-ID6GgGZK.html,179 900,2024,10 km,Mercedes-Benz CLA,Benzyna,Automatyczna,FALSE
https://www.otomoto.pl/osobowe/oferta/mercedes-benz-cla-ID6GROQ8.html,199 957,2024,1 km,Mercedes-Benz CLA 200 AMG Line 7G-DCT,Benzyna,Automatyczna,FALSE
https://www.otomoto.pl/osobowe/oferta/mercedes-benz-cla-cla-200-shooting-brake-pakiet-amg-night-premium-plus-fv-23-ID6GTryC.html,189 900,2023,20 990 km,Mercedes-Benz CLA,Benzyna,Automatyczna,FALSE
https://www.otomoto.pl/osobowe/oferta/mercedes-benz-cla-dostepny-od-reki-ID6GUjAY.html,214 900,2024,1 km,Mercedes-Benz CLA 200 AMG Line 7G-DCT,Benzyna,Automatyczna,FALSE
https://www.otomoto.pl/osobowe/oferta/mercedes-benz-cla-cla200-amg-line-od-dealera-z-polskiego-salonu-fv23-gwarancja-ID6H5RsI.html,184 900,2024,21 000 km,Mercedes-Benz CLA,Benzyna,Automatyczna,FALSE
https://www.otomoto.pl/osobowe/oferta/mercedes-benz-cla-cla-200-amg-line-salon-pl-parktronic-gwarancja-fv23-ID6H5RrM.html,184 900,2024,21 800 km,Mercedes-Benz CLA,Benzyna,Automatyczna,FALSE
https://www.otomoto.pl/osobowe/oferta/mercedes-benz-cla-salon-pl-amg-line-kamera-advantage-ID6GIZTZ.html,145 000,2023,38 135 km,Mercedes-Benz CLA 200 AMG Line 7G-DCT,Benzyna,Automatyczna,FALSE
https://www.otomoto.pl/osobowe/oferta/mercedes-benz-cla-odbior-juz-w-lutym-ID6H3Khb.html,333 978,2024,1 km,Mercedes-Benz CLA AMG 45 S 4-Matic+ 8G-DCT,Benzyna,Automatyczna,FALSE
https://www.otomoto.pl/osobowe/oferta/mercedes-benz-cla-cla-45s-amg-4matic-odbior-juz-w-lutm-ID6H3K5i.html,338 254,2024,1 km,Mercedes-Benz CLA AMG 45 S 4-Matic+ 8G-DCT,Benzyna,Automatyczna,FALSE
https://www.otomoto.pl/osobowe/oferta/mercedes-benz-cla-polski-salon-cesja-2024r-demo-gwarancja-23-amg-ceramika-folia-ppf-ID6H8hHU.html,169 152,2024,8 244 km,Mercedes-Benz CLA 200 7G-DCT,Benzyna,Automatyczna,FALSE
https://www.otomoto.pl/osobowe/oferta/mercedes-benz-cla-jedyny-taki-cla-220d-190km-amg-line-panorama-grill-panamerica-ID6H0uB9.html,139 900,2020,130 000 km,Mercedes-Benz CLA 220 d AMG Line 8G-DCT,Diesel,Automatyczna,FALSE
https://www.otomoto.pl/osobowe/oferta/mercedes-benz-cla-linia-amg-keyless-go-pakiet-night-apple-carplay-ID6GX3EM.html,187 714,2024,4 km,Mercedes-Benz CLA,Benzyna,Automatyczna,FALSE
https://www.otomoto.pl/osobowe/oferta/mercedes-benz-cla-ID6GWdNc.html,222 348,2024,1 km,Mercedes-Benz CLA,Benzyna,Automatyczna,FALSE
https://www.otomoto.pl/osobowe/oferta/mercedes-benz-cla-ID6H7RNQ.html,241 760,2024,5 km,Mercedes-Benz CLA 250 4-Matic AMG Line 7G-DCT,Benzyna,Automatyczna,FALSE
https://www.otomoto.pl/osobowe/oferta/mercedes-benz-cla-amg-line-navi-full-led-skora-alu-18-perlowy-kamera-2020-ID6HaNf0.html,95 900,2020,132 000 km,Mercedes-Benz CLA 200 Shooting Brake 7G-DCT AMG Line,Benzyna,Automatyczna,FALSE
https://www.otomoto.pl/osobowe/oferta/mercedes-benz-cla-cla-200-amg-line-salon-pl-kamera-pamiec-foteli-fv-23-gwarancja-ID6H6N1S.html,184 900,2024,26 500 km,Mercedes-Benz CLA,Benzyna,Automatyczna,FALSE
https://www.otomoto.pl/osobowe/oferta/mercedes-benz-cla-stylizacja-amg-keyless-go-kamera-cofania-thermatic-ID6GWiPb.html,186 397,2024,1 km,Mercedes-Benz CLA,Benzyna,Automatyczna,FALSE
https://www.otomoto.pl/osobowe/oferta/mercedes-benz-cla-stylizacja-amg-kamera-cofania-keyless-go-ID6GN1rM.html,219 900,2024,5 km,Mercedes-Benz CLA,Benzyna,Automatyczna,FALSE
https://www.otomoto.pl/osobowe/oferta/mercedes-benz-cla-fv23-carplay-night-kamera-cofania-keyless-go-led-ID6GYuD8.html,159 900,2022,36 500 km,Mercedes-Benz CLA 250 E AMG Line 8G-DCT,Hybryda Plug-in,Automatyczna,FALSE
https://www.otomoto.pl/osobowe/oferta/mercedes-benz-cla-cla-200-pakiet-amg-pakiet-night-premium-fv23-certified-ID6GQEOX.html,199 900,2024,14 700 km,Mercedes-Benz CLA,Benzyna,Automatyczna,FALSE
https://www.otomoto.pl/osobowe/oferta/mercedes-benz-cla-fv23-carplay-kamera-cofania-led-keyless-go-ID6H3Ij4.html,174 900,2023,22 000 km,Mercedes-Benz CLA,Benzyna,Automatyczna,FALSE
https://www.otomoto.pl/osobowe/oferta/mercedes-benz-cla-200-amg-line-salon-polska-faktura-vat-23-ID6GJ8oT.html,169 900,2023,16 000 km,Mercedes-Benz CLA,Benzyna,Automatyczna,FALSE
https://www.otomoto.pl/osobowe/oferta/mercedes-benz-cla-stylizacja-amg-kamera-cofania-keyless-go-ID6GGdyq.html,199 900,2024,1 922 km,Mercedes-Benz CLA,Benzyna,Automatyczna,FALSE
https://www.otomoto.pl/osobowe/oferta/mercedes-benz-cla-cla-220-4matic-dostepny-od-reki-ID6H7Qkq.html,228 709,2024,5 km,Mercedes-Benz CLA,Benzyna,Automatyczna,FALSE
https://www.otomoto.pl/osobowe/oferta/mercedes-benz-cla-pierwszy-wlasciciel-stan-idealny-na-gwarancji-oklejony-folia-ID6HaMRF.html,249 000,2021,78 000 km,Mercedes-Benz CLA AMG 45 S 4-Matic 8G-DCT,Benzyna,Automatyczna,FALSE
https://www.otomoto.pl/osobowe/oferta/mercedes-benz-cla-dostepny-od-reki-ID6GSs30.html,190 734,2024,7 km,Mercedes-Benz CLA 200 AMG Line 7G-DCT,Benzyna,Automatyczna,FALSE
https://www.otomoto.pl/osobowe/oferta/mercedes-benz-cla-250e-amg-demo-aso-1wl-salon-pl-fv23-ID6GmOeb.html,199 900,2023,17 000 km,Mercedes-Benz CLA 250 e 8G-DCT Edition AMG Line,Hybryda Plug-in,Automatyczna,FALSE
https://www.otomoto.pl/osobowe/oferta/mercedes-benz-cla-cla-200-shooting-brake-pakiet-amg-night-premium-plus-fv-23-ID6GTlxB.html,189 900,2023,15 500 km,Mercedes-Benz CLA,Benzyna,Automatyczna,FALSE
https://www.otomoto.pl/osobowe/oferta/mercedes-benz-cla-2-0-cdi-150km-amg-ledy-mat-super-stan-ID6GYtFY.html,107 900,2020,193 000 km,Mercedes-Benz CLA 200 d AMG Line 8G-DCT,Diesel,Automatyczna,FALSE
https://www.otomoto.pl/osobowe/oferta/mercedes-benz-cla-cla-200-amg-lifting-keyless-night-pl-fv23-ID6H5MRE.html,179 900,2024,18 874 km,Mercedes-Benz CLA,Benzyna,Automatyczna,FALSE
https://www.otomoto.pl/osobowe/oferta/mercedes-benz-cla-cla-200-amg-lifting-nowy-model-od-reki-martwe-pole-panorama-fv23-ID6H5MPY.html,169 900,2023,20 146 km,Mercedes-Benz CLA 200 4-Matic AMG Line 8G-DCT,Benzyna,Automatyczna,FALSE
https://www.otomoto.pl/osobowe/oferta/mercedes-benz-cla-salon-pl-aso-1wlasciciel-webasto-aktywne-zawieszenie-burmester-ID6H04Mx.html,161 000,2020,85 000 km,Mercedes-Benz CLA AMG 35 4-Matic 7G-DCT,Benzyna,Automatyczna,FALSE
https://www.otomoto.pl/osobowe/oferta/mercedes-benz-cla-4x4-2-0-224-km-amg-line-night-pakiet-2020r-warszawa-ID6FU5Xu.html,154 999,2020,59 000 km,Mercedes-Benz CLA 250 4-Matic AMG Line 7G-DCT,Benzyna,Automatyczna,FALSE
https://www.otomoto.pl/osobowe/oferta/mercedes-benz-cla-mercedes-benz-cla-45s-amg-4matic-cesja-bez-odstepnego-ID6GXmvO.html,258 672,2022,34 200 km,Mercedes-Benz CLA AMG 45 S 4-Matic 8G-DCT,Benzyna,Automatyczna,FALSE
https://www.otomoto.pl/osobowe/oferta/mercedes-benz-cla-cla-200d-pakiet-amg-23-24-fv-23-ID6H6Ibs.html,189 900,2023,10 180 km,Mercedes-Benz CLA,Diesel,Automatyczna,FALSE
https://www.otomoto.pl/osobowe/oferta/mercedes-benz-cla-salon-pl-kamera-cofania-1-wlasciciel-fv-23-gwarancja-dostawa-ID6H6I7b.html,128 900,2022,46 442 km,Mercedes-Benz CLA 180 7G-DCT,Benzyna,Automatyczna,TRUE
https://www.otomoto.pl/osobowe/oferta/mercedes-benz-cla-mercedes-cla-200-amg-line-salon-polska-fv23-bezwypadkowy-ID6H5Lnh.html,189 900,2024,25 km,Mercedes-Benz CLA 200 AMG Line 7G-DCT,Benzyna,Automatyczna,FALSE
https://www.otomoto.pl/osobowe/oferta/mercedes-benz-cla-dostepny-od-reki-ID6GSqJ3.html,202 850,2024,1 km,Mercedes-Benz CLA 200 AMG Line 7G-DCT,Benzyna,Automatyczna,FALSE
https://www.otomoto.pl/osobowe/oferta/mercedes-benz-cla-auta-premium-borowiec-gwarancja-6-mc-ID6GEC5Z.html,144 987,2021,25 000 km,Mercedes-Benz CLA 180 7G-DCT,Benzyna,Automatyczna,FALSE
https://www.otomoto.pl/osobowe/oferta/mercedes-benz-cla-421-km-f-vat-23-1-wl-salon-pl-serwis-aso-lodz-ID6H84Mm.html,242 900,2020,54 100 km,Mercedes-Benz CLA AMG 45 S 4-Matic 8G-DCT,Benzyna,Automatyczna,FALSE
https://www.otomoto.pl/osobowe/oferta/mercedes-benz-cla-200-salon-polska-1-wlasciciel-serwis-aso-automat-vat-23-skora-ID6H6FhR.html,129 498,2021,32 037 km,Mercedes-Benz CLA,Benzyna,Automatyczna,FALSE
https://www.otomoto.pl/osobowe/oferta/mercedes-benz-cla-mercedes-cla-45s-amg-cesja-leasingu-ID6GT1fg.html,210 791,2021,92 000 km,Mercedes-Benz CLA AMG 45 S 4-Matic 8G-DCT,Benzyna,Automatyczna,FALSE
https://www.otomoto.pl/osobowe/oferta/mercedes-benz-cla-mercedes-benz-cla-220-4matic-amg-line-7g-dct-ID6GGOXc.html,142 750,2020,110 000 km,Mercedes-Benz CLA 220 AMG Line 7G-DCT,Benzyna,Automatyczna,FALSE
https://www.otomoto.pl/osobowe/oferta/mercedes-benz-cla-pierwszy-wlasciciel-auto-salon-polska-aktywna-gwarancja-producenta-ID6H5FR9.html,145 000,2022,54 215 km,Mercedes-Benz CLA 200 7G-DCT,Benzyna,Automatyczna,FALSE
https://www.otomoto.pl/osobowe/oferta/mercedes-benz-cla-pierwszy-wlasciciel-bezwypadkowy-bogate-wyposazenie-fv23-ID6GXype.html,175 900,2023,5 000 km,Mercedes-Benz CLA 200 AMG Line 7G-DCT,Benzyna,Automatyczna,FALSE
https://www.otomoto.pl/osobowe/oferta/mercedes-benz-cla-mercedes-benz-cla-200-amg-shooting-brake-fv-23-ID6H7hIc.html,129 150,2020,84 000 km,Mercedes-Benz CLA 200 AMG Line 7G-DCT,Benzyna,Automatyczna,FALSE
https://www.otomoto.pl/osobowe/oferta/mercedes-benz-cla-salon-pl-gwarancja-fotele-amg-performance-advanced-fv23-ID6GRE3L.html,265 000,2021,38 513 km,Mercedes-Benz CLA,Benzyna,Automatyczna,FALSE
https://www.otomoto.pl/osobowe/oferta/mercedes-benz-cla-2020r-cla-180d-manual-full-led-digital-oplacony-ID6H6jVU.html,68 900,2020,160 000 km,Mercedes-Benz CLA 180 d Shooting Brake Edition 2020,Diesel,Manualna,FALSE
https://www.otomoto.pl/osobowe/oferta/mercedes-benz-cla-ID6H4tpS.html,259 000,2020,57 000 km,Mercedes-Benz CLA AMG 45 S 4-Matic 8G-DCT,Benzyna,Automatyczna,FALSE
https://www.otomoto.pl/osobowe/oferta/mercedes-benz-cla-sprzedam-ID6G7RtO.html,124 900,2021,52 000 km,Mercedes-Benz CLA 180 AMG Line 7G-DCT,Benzyna,Automatyczna,FALSE
https://www.otomoto.pl/osobowe/oferta/mercedes-benz-cla-2020-cla-200-salon-polska-tylko-cesja-leasingu-okazja-ID6HaIea.html,127 900,2020,66 989 km,Mercedes-Benz CLA 200 AMG Line 7G-DCT,Benzyna,Automatyczna,FALSE
https://www.otomoto.pl/osobowe/oferta/mercedes-benz-cla-cla-200-amg-czerwien-night-wyprzedaz-rocznika-2024-mb-motors-pzn-ID6GKD9A.html,204 900,2024,10 km,Mercedes-Benz CLA,Benzyna,Automatyczna,FALSE
https://www.otomoto.pl/osobowe/oferta/mercedes-benz-cla-salon-polska-i-wlasciciel-amg-35-gwarancja-ID6Haxkq.html,199 000,2021,37 000 km,Mercedes-Benz CLA AMG 35 4-Matic 7G-DCT,Benzyna,Automatyczna,FALSE
https://www.otomoto.pl/osobowe/oferta/mercedes-benz-cla-salon-polska-serwis-aso-folia-ppf-pierwszy-wlasciciel-vat-23-ID6H88xp.html,249 900,2022,39 411 km,Mercedes-Benz CLA AMG 45 4-Matic 8G-DCT,Benzyna,Automatyczna,FALSE
https://www.otomoto.pl/osobowe/oferta/mercedes-benz-cla-salon-polska-cla-220d-4-matic-190km-pakiet-amg-line-fv23-gw-fabryczna-ID6HaGT8.html,164 900,2022,39 000 km,Mercedes-Benz CLA 220 d 4-Matic AMG Line 8G-DCT,Diesel,Automatyczna,FALSE
https://www.otomoto.pl/osobowe/oferta/mercedes-benz-cla-cla250e-plug-in-od-dealera-z-polskiego-salonu-amg-line-pakiet-night-ID6H4F5F.html,149 900,2022,26 700 km,Mercedes-Benz CLA,Hybryda Plug-in,Automatyczna,FALSE
https://www.otomoto.pl/osobowe/oferta/mercedes-benz-cla-mercedes-benz-cla-200-coupe-ID6HaGI4.html,207 803,2024,1 km,Mercedes-Benz CLA,Benzyna,Automatyczna,FALSE
https://www.otomoto.pl/osobowe/oferta/mercedes-benz-cla-mercedes-benz-cla-200-coupe-ID6HaGs6.html,206 900,2024,1 km,Mercedes-Benz CLA,Benzyna,Automatyczna,FALSE
https://www.otomoto.pl/osobowe/oferta/mercedes-benz-cla-progressive-bezwypadkowy-panorama-skora-automat-multibeam-led-18-ID6HaDXg.html,119 900,2022,92 008 km,Mercedes-Benz CLA 180 Shooting Brake 7G-DCT Progressive Line Advanced,Benzyna,Automatyczna,FALSE
https://www.otomoto.pl/osobowe/oferta/mercedes-benz-cla-200-pakiet-amg-premium-plus-faktura-vat-23-emil-frey-select-ID6H5z8S.html,199 900,2024,17 000 km,Mercedes-Benz CLA,Benzyna,Automatyczna,FALSE
https://www.otomoto.pl/osobowe/oferta/mercedes-benz-cla-mercedes-cla-z-fabryczna-gwarancja-do-2026r-fv23-amg-line-automat-ID6GeVUJ.html,149 000,2021,40 000 km,Mercedes-Benz CLA 200 AMG Line 7G-DCT,Benzyna,Automatyczna,FALSE
https://www.otomoto.pl/osobowe/oferta/mercedes-benz-cla-200-2xamg-gwarancja-salon-pl-vat23-ID6H6iRP.html,95 500,2021,99 000 km,Mercedes-Benz CLA 200 AMG Line 7G-DCT,Benzyna,Automatyczna,FALSE
https://www.otomoto.pl/osobowe/oferta/mercedes-benz-cla-drugi-wlasciciel-pierwszy-wlasciciel-mercedes-ID6H6nq4.html,149 000,2023,28 557 km,Mercedes-Benz CLA 180 7G-DCT,Benzyna,Automatyczna,FALSE
https://www.otomoto.pl/osobowe/oferta/mercedes-benz-cla-cla-200-coupe-7g-dct-dostepny-od-reki-ID6H0LmN.html,193 931,2024,1 km,Mercedes-Benz CLA 200 AMG Line 7G-DCT,Benzyna,Automatyczna,FALSE
https://www.otomoto.pl/osobowe/oferta/mercedes-benz-cla-cla-200-coupe-7g-dct-dostepny-od-reki-ID6H0Lmw.html,193 931,2024,1 km,Mercedes-Benz CLA 200 AMG Line 7G-DCT,Benzyna,Automatyczna,FALSE
https://www.otomoto.pl/osobowe/oferta/mercedes-benz-cla-cla-200-coupe-7g-dct-dostepny-od-reki-ID6H0LlW.html,193 931,2024,1 km,Mercedes-Benz CLA 200 AMG Line 7G-DCT,Benzyna,Automatyczna,FALSE
https://www.otomoto.pl/osobowe/oferta/mercedes-benz-cla-cla-200d-coupe-8g-dct-dostepny-od-reki-ID6H0Pdw.html,195 102,2024,1 km,Mercedes-Benz CLA 200 d AMG Line 8G-DCT,Diesel,Automatyczna,FALSE
https://www.otomoto.pl/osobowe/oferta/mercedes-benz-cla-cla-200-shooting-brake-7g-dct-dostepny-od-reki-ID6H0Ll2.html,211 639,2024,1 km,Mercedes-Benz CLA 200 AMG Line 7G-DCT,Benzyna,Automatyczna,FALSE
https://www.otomoto.pl/osobowe/oferta/mercedes-benz-cla-cla-200-shooting-brake-7g-dct-dostepny-od-reki-ID6H0Leg.html,209 526,2024,1 km,Mercedes-Benz CLA,Benzyna,Automatyczna,FALSE
https://www.otomoto.pl/osobowe/oferta/mercedes-benz-cla-cla-200-coupe-7g-dct-dostepny-od-reki-ID6H0LdD.html,221 426,2024,1 km,Mercedes-Benz CLA,Benzyna,Automatyczna,FALSE
https://www.otomoto.pl/osobowe/oferta/mercedes-benz-cla-200-asystent-martwego-pola-dostepny-od-reki-ID6H989T.html,204 603,2024,5 km,Mercedes-Benz CLA 200 AMG Line 7G-DCT,Benzyna,Automatyczna,FALSE
https://www.otomoto.pl/osobowe/oferta/mercedes-benz-cla-amg-premium-night-kamera-360-system-bezkluczykowy-ID6H3rk7.html,211 219,2024,5 km,Mercedes-Benz CLA 200 AMG Line 7G-DCT,Benzyna,Automatyczna,FALSE
https://www.otomoto.pl/osobowe/oferta/mercedes-benz-cla-amg-premium-elektryczne-fotele-kamera-360-ID6H3rg3.html,209 098,2024,5 km,Mercedes-Benz CLA 200 AMG Line 7G-DCT,Benzyna,Automatyczna,FALSE
https://www.otomoto.pl/osobowe/oferta/mercedes-benz-cla-amg-premium-multibeam-led-kamera-360-ID6H3r4B.html,203 661,2024,5 km,Mercedes-Benz CLA 200 AMG Line 7G-DCT,Benzyna,Automatyczna,FALSE
https://www.otomoto.pl/osobowe/oferta/mercedes-benz-cla-cla-200shootingbrake-multibeam-stylizacja-amg-keylessgo-salon-mercedes-ID6GExam.html,169 900,2023,19 500 km,Mercedes-Benz CLA,Benzyna,Automatyczna,FALSE
https://www.otomoto.pl/osobowe/oferta/mercedes-benz-cla-ID6GSibX.html,238 167,2024,1 km,Mercedes-Benz CLA,Benzyna,Automatyczna,FALSE
https://www.otomoto.pl/osobowe/oferta/mercedes-benz-cla-cla200-amg-line-od-dealera-z-polskiego-salonu-fv23-gwarancja-ID6H5vNr.html,184 900,2024,20 200 km,Mercedes-Benz CLA,Benzyna,Automatyczna,FALSE
https://www.otomoto.pl/osobowe/oferta/mercedes-benz-cla-cla-250-e-stylizacja-amg-multibeam-swiatla-plug-in-keylessgo-ID6GEx0m.html,199 900,2023,25 000 km,Mercedes-Benz CLA,Hybryda,Automatyczna,FALSE
https://www.otomoto.pl/osobowe/oferta/mercedes-benz-cla-cla-200-coupe-7g-dct-dostepny-od-reki-ID6HaD6Q.html,193 931,2024,1 km,Mercedes-Benz CLA 200 AMG Line 7G-DCT,Benzyna,Automatyczna,FALSE
https://www.otomoto.pl/osobowe/oferta/mercedes-benz-cla-cla-200-shooting-brake-7g-dct-dostepny-od-reki-ID6HaD62.html,179 999,2024,1 km,Mercedes-Benz CLA,Benzyna,Automatyczna,FALSE
https://www.otomoto.pl/osobowe/oferta/mercedes-benz-cla-cla-200-coupe-7g-dct-dostepny-od-reki-ID6HaD6C.html,193 931,2024,1 km,Mercedes-Benz CLA 200 AMG Line 7G-DCT,Benzyna,Automatyczna,FALSE
https://www.otomoto.pl/osobowe/oferta/mercedes-benz-cla-salon-polska-fv23-gwarancja-serwisowa-amg-line-73169-netto-ID6H5v7f.html,89 998,2021,199 997 km,Mercedes-Benz CLA,Diesel,Manualna,FALSE
https://www.otomoto.pl/osobowe/oferta/mercedes-benz-cla-cla-220d-amg-panorama-night-premium-plus-salon-pl-fv23-bezwypadek-ID6HaD3o.html,139 900,2020,70 059 km,Mercedes-Benz CLA,Diesel,Automatyczna,FALSE
https://www.otomoto.pl/osobowe/oferta/mercedes-benz-cla-cla-250-4m-progressive-panorama-burmaster-multibeam-pg-salonpl-fv23-ID6HaD1L.html,214 900,2023,25 600 km,Mercedes-Benz CLA,Benzyna,Automatyczna,FALSE
https://www.otomoto.pl/osobowe/oferta/mercedes-benz-cla-cla-200-coupe-7g-dct-dostepny-od-reki-ID6HaCSw.html,177 700,2024,1 km,Mercedes-Benz CLA 200 Progressive 7G-DCT,Benzyna,Automatyczna,FALSE
https://www.otomoto.pl/osobowe/oferta/mercedes-benz-cla-mercedes-benz-cla-45s-amg-4-matic-ID6GqDAl.html,239 900,2021,19 000 km,Mercedes-Benz CLA AMG 45 S 4-Matic 8G-DCT,Benzyna,Automatyczna,FALSE
https://www.otomoto.pl/osobowe/oferta/mercedes-benz-cla-mercedes-benz-cla-180-shooting-brake-night-edition-2021r-pakiet-amg-ID6H83z0.html,85 900,2021,218 000 km,Mercedes-Benz CLA,Diesel,Automatyczna,FALSE
https://www.otomoto.pl/osobowe/oferta/mercedes-benz-cla-fv23-multibeam-carplay-ambiente-night-keyless-go-ID6GYggW.html,184 900,2023,20 100 km,Mercedes-Benz CLA 200 AMG Line 7G-DCT,Benzyna,Automatyczna,FALSE
https://www.otomoto.pl/osobowe/oferta/mercedes-benz-cla-180-sobieslaw-zasada-automotive-fv-23-certified-coupe-ID6GXeHs.html,149 900,2023,20 567 km,Mercedes-Benz CLA 180 AMG Line 7G-DCT,Benzyna,Automatyczna,FALSE
https://www.otomoto.pl/osobowe/oferta/mercedes-benz-cla-fv23-kamera-360-tempomat-led-keyless-go-ID6GEwU7.html,189 900,2023,45 130 km,Mercedes-Benz CLA 200 d AMG Line 8G-DCT,Diesel,Automatyczna,FALSE
https://www.otomoto.pl/osobowe/oferta/mercedes-benz-cla-stylizacja-amg-head-up-kamera-360-fotele-amg-performance-ID6HaBEO.html,293 204,2024,1 km,Mercedes-Benz CLA,Benzyna,Automatyczna,FALSE
https://www.otomoto.pl/osobowe/oferta/mercedes-benz-cla-mercedes-cla-amg-45-s-pierwszy-wlasciciel-2023r-ID6G7dbf.html,289 000,2023,25 396 km,Mercedes-Benz CLA AMG 45 S 4-Matic 8G-DCT,Benzyna,Automatyczna,FALSE
https://www.otomoto.pl/osobowe/oferta/mercedes-benz-cla-stylizacja-amg-kamera-cofania-keyless-go-ID6HaBCF.html,184 422,2024,1 km,Mercedes-Benz CLA,Benzyna,Automatyczna,FALSE
https://www.otomoto.pl/osobowe/oferta/mercedes-benz-cla-kamera-cofania-keyless-go-stylizacja-amg-ID6HaBC9.html,188 812,2024,1 km,Mercedes-Benz CLA,Benzyna,Automatyczna,FALSE
https://www.otomoto.pl/osobowe/oferta/mercedes-benz-cla-stylizacja-amg-keyless-go-pakiet-night-ID6HaBBn.html,183 191,2024,1 km,Mercedes-Benz CLA,Benzyna,Automatyczna,FALSE
https://www.otomoto.pl/osobowe/oferta/mercedes-benz-cla-linia-amg-keyless-go-pakiet-night-apple-carplay-ID6HaBzc.html,187 714,2024,4 km,Mercedes-Benz CLA,Benzyna,Automatyczna,FALSE
https://www.otomoto.pl/osobowe/oferta/mercedes-benz-cla-stylizacja-amg-keyless-go-kamera-cofania-thermatic-ID6HaBzX.html,186 397,2024,1 km,Mercedes-Benz CLA,Benzyna,Automatyczna,FALSE
https://www.otomoto.pl/osobowe/oferta/mercedes-benz-cla-fv23-carplay-kamera-cofania-keyless-go-ambiente-led-ID6GDEIG.html,169 900,2022,50 450 km,Mercedes-Benz CLA 250 E AMG Line 8G-DCT,Hybryda Plug-in,Automatyczna,FALSE
https://www.otomoto.pl/osobowe/oferta/mercedes-benz-cla-220d-4-matic-fv23-salon-pl-i-wl-ID6HaBiv.html,149 900,2022,68 064 km,Mercedes-Benz CLA 220 d 4-Matic AMG Line 8G-DCT,Diesel,Automatyczna,FALSE
https://www.otomoto.pl/osobowe/oferta/mercedes-benz-cla-mercedes-cla-amg-35-cesja-leasingu-ID6HaAEx.html,140 000,2023,35 774 km,Mercedes-Benz CLA AMG 35 4-Matic 7G-DCT,Benzyna,Automatyczna,FALSE
https://www.otomoto.pl/osobowe/oferta/mercedes-benz-cla-cla-220-4-matic-amg-premium-plus-ID6H4rz7.html,215 000,2024,12 200 km,Mercedes-Benz CLA 220 4-Matic AMG Line 7G-DCT,Benzyna,Automatyczna,FALSE
https://www.otomoto.pl/osobowe/oferta/mercedes-benz-cla-cla-200-coupe-163km-dostepny-od-reki-ID6H1nSn.html,221 420,2024,1 km,Mercedes-Benz CLA 200 AMG Line 7G-DCT,Benzyna,Automatyczna,FALSE
https://www.otomoto.pl/osobowe/oferta/mercedes-benz-cla-ID6HazK2.html,149 000,2022,45 147 km,Mercedes-Benz CLA,Benzyna,Automatyczna,FALSE
https://www.otomoto.pl/osobowe/oferta/mercedes-benz-cla-ID6HazIq.html,139 900,2022,29 480 km,Mercedes-Benz CLA,Benzyna,Automatyczna,FALSE
https://www.otomoto.pl/osobowe/oferta/mercedes-benz-cla-200-pakiet-amg-ambiente-kamera-cofania-faktura-vat23-ID6Haxny.html,169 900,2024,13 295 km,Mercedes-Benz CLA,Benzyna,Automatyczna,FALSE
https://www.otomoto.pl/osobowe/oferta/mercedes-benz-cla-200-pakiet-amg-premium-plus-panorama-faktura-vat-23-emil-frey-select-ID6Haxn5.html,189 900,2024,9 000 km,Mercedes-Benz CLA,Benzyna,Automatyczna,FALSE
https://www.otomoto.pl/osobowe/oferta/mercedes-benz-cla-200-salon-polska-serwis-aso-automat-vat-23-skora-navi-ID6H7ITe.html,137 998,2022,24 718 km,Mercedes-Benz CLA,Benzyna,Automatyczna,FALSE
https://www.otomoto.pl/osobowe/oferta/mercedes-benz-cla-salon-fv23-gwarancja-serwisowa-81-300-netto-ID6Haw3g.html,99 999,2020,109 578 km,Mercedes-Benz CLA 180 7G-DCT,Benzyna,Automatyczna,FALSE
https://www.otomoto.pl/osobowe/oferta/mercedes-benz-cla-mercedes-benz-autotorino-warszawa-cla-200-coupe-amg-line-premium-plus-ID6H3qxp.html,226 576,2024,1 km,Mercedes-Benz CLA,Benzyna,Automatyczna,FALSE
https://www.otomoto.pl/osobowe/oferta/mercedes-benz-cla-cla-180-amg-line-spectral-night-wyprzedaz-rocznika-2024-mb-motors-ID6GX8wF.html,185 900,2024,10 km,Mercedes-Benz CLA,Benzyna,Automatyczna,FALSE
https://www.otomoto.pl/osobowe/oferta/mercedes-benz-cla-cla-200-dostepny-od-reki-ID6H4Ty9.html,197 615,2024,1 km,Mercedes-Benz CLA,Benzyna,Automatyczna,FALSE
https://www.otomoto.pl/osobowe/oferta/mercedes-benz-cla-cla-250-224km-4matic-amg-salon-polska-kamera-360-panorama-multibem-led-ID6HaqW6.html,179 900,2020,59 500 km,Mercedes-Benz CLA 250 4-Matic AMG Line 7G-DCT,Benzyna,Automatyczna,FALSE
https://www.otomoto.pl/osobowe/oferta/mercedes-benz-cla-mercedes-cla-200d-amg-line-ID6H6cJM.html,152 000,2022,72 700 km,Mercedes-Benz CLA 200 d AMG Line 8G-DCT,Diesel,Automatyczna,FALSE
https://www.otomoto.pl/osobowe/oferta/mercedes-benz-cla-kamera-cofania-keyless-go-stylizacja-amg-ID6H4YD6.html,188 812,2024,1 km,Mercedes-Benz CLA,Benzyna,Automatyczna,FALSE
https://www.otomoto.pl/osobowe/oferta/mercedes-benz-cla-200-shooting-brake-amg-night-kamera-led-mbux-ID6GZ9TO.html,154 900,2022,45 050 km,Mercedes-Benz CLA 200 AMG Line 7G-DCT,Benzyna,Automatyczna,FALSE
https://www.otomoto.pl/osobowe/oferta/mercedes-benz-cla-cla-amgkamerarecaroalcantarael-klapalineassistaccbezwypadkowy-ID6H67Wc.html,93 700,2020,170 000 km,Mercedes-Benz CLA 180 d Shooting Brake 7G-DCT AMG Line,Diesel,Automatyczna,FALSE
https://www.otomoto.pl/osobowe/oferta/mercedes-benz-cla-cla-250-4-matic-amg-line-7g-dct-ID6H3eyP.html,203 900,2022,26 000 km,Mercedes-Benz CLA 250 4-Matic AMG Line 7G-DCT,Benzyna,Automatyczna,FALSE
https://www.otomoto.pl/osobowe/oferta/mercedes-benz-cla-mercedes-benz-cla35-amg-4matic-ID6GoKXw.html,249 900,2022,35 000 km,Mercedes-Benz CLA AMG 35 4-Matic 7G-DCT,Benzyna,Automatyczna,FALSE
https://www.otomoto.pl/osobowe/oferta/mercedes-benz-cla-mercedes-benz-cla-cesja-leasing-niska-rata-ID6H66je.html,126 690,2022,98 000 km,Mercedes-Benz CLA,Benzyna,Automatyczna,FALSE
https://www.otomoto.pl/osobowe/oferta/mercedes-benz-cla-shooting-brake-bezwypadkowy-niski-przebieg-krajowy-ID6HaaC9.html,93 000,2020,90 100 km,Mercedes-Benz CLA,Diesel,Manualna,FALSE
https://www.otomoto.pl/osobowe/oferta/mercedes-benz-cla-mercedes-benz-cla-250-4-matic-amg-ID6H7LQq.html,155 000,2022,57 436 km,Mercedes-Benz CLA 250 4-Matic AMG Line 7G-DCT,Benzyna,Automatyczna,FALSE
https://www.otomoto.pl/osobowe/oferta/mercedes-benz-cla-pierwszy-wlasciciel-stan-idealny-salon-polska-vat-23-ID6H7LvE.html,185 000,2020,89 000 km,Mercedes-Benz CLA AMG 35 4-Matic 7G-DCT,Benzyna,Automatyczna,FALSE
https://www.otomoto.pl/osobowe/oferta/mercedes-benz-cla-mercedes-benz-cla-200d-shooting-brake-amg-line-ID6H6MDn.html,149 000,2020,40 500 km,Mercedes-Benz CLA 200 d AMG Line 8G-DCT,Diesel,Automatyczna,FALSE
https://www.otomoto.pl/osobowe/oferta/mercedes-benz-cla-ID6H14ej.html,204 000,2022,46 181 km,Mercedes-Benz CLA AMG 35 4-Matic 7G-DCT,Benzyna,Automatyczna,FALSE
https://www.otomoto.pl/osobowe/oferta/mercedes-benz-cla-amg35-5-lat-gwarancji-fabrycznej-pierwszy-wlasciciel-salon-polska-ID6H7Ixa.html,189 000,2022,49 900 km,Mercedes-Benz CLA AMG 35 4-Matic 7G-DCT,Benzyna,Automatyczna,FALSE
https://www.otomoto.pl/osobowe/oferta/mercedes-benz-cla-salonpl-top-opcja-webasto-aktywny-tempomat-gwarancja-do-09-2027-fv23-ID6H5Wt9.html,169 900,2022,36 000 km,Mercedes-Benz CLA 250 AMG Line 7G-DCT,Benzyna,Automatyczna,FALSE
https://www.otomoto.pl/osobowe/oferta/mercedes-benz-cla-gwarancja-bezwypadkowy-niski-przebieg-benzyna-automat-ID6H9Ptm.html,129 900,2023,48 700 km,Mercedes-Benz CLA,Benzyna,Automatyczna,FALSE
https://www.otomoto.pl/osobowe/oferta/mercedes-benz-cla-i-wlasciciel-salon-serwis-ID6GVC5Q.html,198 000,2021,53 000 km,Mercedes-Benz CLA AMG 35 4-Matic 7G-DCT,Benzyna,Automatyczna,FALSE
https://www.otomoto.pl/osobowe/oferta/mercedes-benz-cla-amg-shooting-brake-4x4-salon-polska-5-lat-gwarancji-bezwypadkowy-ID6H3YU2.html,167 800,2022,43 000 km,Mercedes-Benz CLA 250 4-Matic AMG Line 7G-DCT,Benzyna,Automatyczna,FALSE
https://www.otomoto.pl/osobowe/oferta/mercedes-benz-cla-gwarancja-salon-polska-serwisowany-w-aso-bezwypadkowy-f-vat-23-ID6GvnbR.html,107 200,2020,113 000 km,Mercedes-Benz CLA,Benzyna,Automatyczna,FALSE
https://www.otomoto.pl/osobowe/oferta/mercedes-benz-cla-mercedes-cla-200-amg-line-8g-dct-1wl-salon-pl-serwisowany-aso-ID6H9Mim.html,130 000,2022,35 200 km,Mercedes-Benz CLA,Benzyna,Automatyczna,FALSE
https://www.otomoto.pl/osobowe/oferta/mercedes-benz-cla-mercedes-benz-cla-amg-45s-4-matic-8g-dct-gw-05-2025-full-opcja-ID6GOPNJ.html,265 000,2021,71 436 km,Mercedes-Benz CLA AMG 45 S 4-Matic 8G-DCT,Benzyna,Automatyczna,FALSE
https://www.otomoto.pl/osobowe/oferta/mercedes-benz-cla-mercedes-benz-cla-200-amg-line-8g-dct-salon-pl-f-vat-23-aso-ID6GUPuZ.html,129 900,2022,60 905 km,Mercedes-Benz CLA 200 AMG Line 7G-DCT,Benzyna,Automatyczna,FALSE
https://www.otomoto.pl/osobowe/oferta/mercedes-benz-cla-rezerwacja-rezerwacja-ID6H7FDA.html,169 700,2024,21 000 km,Mercedes-Benz CLA 250 e PHEV AMG Line 8G-DCT,Hybryda Plug-in,Automatyczna,FALSE
https://www.otomoto.pl/osobowe/oferta/mercedes-benz-cla-stan-idealny-pierwszy-wlasciciel-ID6GUAj7.html,147 000,2021,27 000 km,Mercedes-Benz CLA 200 AMG Line 7G-DCT,Benzyna,Automatyczna,FALSE
https://www.otomoto.pl/osobowe/oferta/mercedes-benz-cla-progresive-i-wlasciciel-salon-pl-faktura-vat-23-ID6H7EYj.html,129 900,2022,65 450 km,Mercedes-Benz CLA 180 Progressive 7G-DCT,Benzyna,Automatyczna,FALSE
https://www.otomoto.pl/osobowe/oferta/mercedes-benz-cla-cesja-leasingu-ID6H9AZC.html,343 866,2022,5 200 km,Mercedes-Benz CLA AMG 45 S 4-Matic 8G-DCT,Benzyna,Automatyczna,FALSE
https://www.otomoto.pl/osobowe/oferta/mercedes-benz-cla-mercedes-benz-cla-200-amg-line-7g-dct-ID6GXrq2.html,136 900,2021,63 631 km,Mercedes-Benz CLA 200 AMG Line 7G-DCT,Benzyna,Automatyczna,FALSE
https://www.otomoto.pl/osobowe/oferta/mercedes-benz-cla-benzyna-136km-amg-ambient-18-panorama-ID6H7AHJ.html,84 900,2021,188 000 km,Mercedes-Benz CLA 180 Shooting Brake 7G-DCT AMG Line,Benzyna,Automatyczna,FALSE
https://www.otomoto.pl/osobowe/oferta/mercedes-benz-cla-navigacja-kamera-grz-fotele-radar-ID6H9uW2.html,116 900,2021,95 190 km,Mercedes-Benz CLA 180 d Progressive 8G-DCT,Diesel,Automatyczna,FALSE
https://www.otomoto.pl/osobowe/oferta/mercedes-benz-cla-mercedes-cla-250-2-0-benzyna-224-km-amg-line-rok-2020-katalogowy-r-ID6H19xT.html,139 000,2020,115 000 km,Mercedes-Benz CLA 250 7G-DCT AMG Line,Benzyna,Automatyczna,FALSE
https://www.otomoto.pl/osobowe/oferta/mercedes-benz-cla-mercedes-benz-cla-200-amg-ID6H6y4F.html,189 999,2024,4 000 km,Mercedes-Benz CLA 200 AMG Line 7G-DCT,Benzyna,Automatyczna,FALSE
https://www.otomoto.pl/osobowe/oferta/mercedes-benz-cla-180-progressive-fv-23-salon-pl-serwis-aso-i-wl-ID6GO3OB.html,127 900,2021,49 000 km,Mercedes-Benz CLA 180 Progressive 7G-DCT,Benzyna,Automatyczna,FALSE
https://www.otomoto.pl/osobowe/oferta/mercedes-benz-cla-ID6H7oIm.html,227 900,2023,24 008 km,Mercedes-Benz CLA,Hybryda,Automatyczna,FALSE
https://www.otomoto.pl/osobowe/oferta/mercedes-benz-cla-ID6GZPH0.html,218 686,2024,1 km,Mercedes-Benz CLA,Benzyna,Automatyczna,FALSE
https://www.otomoto.pl/osobowe/oferta/mercedes-benz-cla-ID6GZW4u.html,240 957,2024,1 km,Mercedes-Benz CLA,Diesel,Automatyczna,FALSE
https://www.otomoto.pl/osobowe/oferta/mercedes-benz-cla-ID6GZPvm.html,232 955,2024,1 km,Mercedes-Benz CLA,Benzyna,,FALSE
https://www.otomoto.pl/osobowe/oferta/mercedes-benz-cla-mercedes-benz-cla-salon-pl-i-gwarancja-12-2026r-i-wycena-dekra-ID6H9koj.html,229 999,2022,40 036 km,Mercedes-Benz CLA AMG 45 S 4-Matic 8G-DCT,Benzyna,Automatyczna,FALSE
https://www.otomoto.pl/osobowe/oferta/mercedes-benz-cla-mercedes-cla-45s-amg-cesja-leasingu-ID6Gb5MS.html,284 000,2022,43 000 km,Mercedes-Benz CLA AMG 45 S 4-Matic 8G-DCT,Benzyna,Automatyczna,FALSE
https://www.otomoto.pl/osobowe/oferta/mercedes-benz-cla-ID6H7aLm.html,109 900,2020,80 000 km,Mercedes-Benz CLA,Diesel,Automatyczna,FALSE
https://www.otomoto.pl/osobowe/oferta/mercedes-benz-cla-faktura-vat-bezwypadkowy-serwis-aso-pierwszy-wlasciciel-shooting-brake-ID6H9h3I.html,83 000,2021,111 000 km,Mercedes-Benz CLA 180 Progressive 7G-DCT,Benzyna,Automatyczna,FALSE
https://www.otomoto.pl/osobowe/oferta/mercedes-benz-cla-hybryda-plug-in-218-km-kombi-ID6H9glz.html,107 900,2022,85 000 km,Mercedes-Benz CLA 250 e Shooting Brake 8G-DCT,Hybryda Plug-in,Automatyczna,FALSE
https://www.otomoto.pl/osobowe/oferta/mercedes-benz-cla-mercedes-cla-amg-line-ID6H6idr.html,123 000,2020,75 000 km,Mercedes-Benz CLA 180 AMG Line,Benzyna,Manualna,FALSE
https://www.otomoto.pl/osobowe/oferta/mercedes-benz-cla-samochod-zakupiony-w-salonie-mercedesa-w-polsce-pelna-gwarancja-ID6H9fB5.html,165 000,2023,18 000 km,Mercedes-Benz CLA 180 AMG Line 7G-DCT,Benzyna,Automatyczna,FALSE
https://www.otomoto.pl/osobowe/oferta/mercedes-benz-cla-bezwypadkowy-na-gwarancji-pachnie-nowoscia-prywatny-fv-23-ID6H99Uh.html,237 000,2023,22 450 km,Mercedes-Benz CLA AMG 45 S 4Matic+ Shooting B AMG Speedsh 8G-DCT AMG Line Premium,Benzyna,Automatyczna,FALSE
https://www.otomoto.pl/osobowe/oferta/mercedes-benz-cla-mercedes-benz-cla-45-amg-4matic-ID6GTQKC.html,265 000,2023,12 000 km,Mercedes-Benz CLA AMG 45 4-Matic 8G-DCT,Benzyna,Automatyczna,FALSE
https://www.otomoto.pl/osobowe/oferta/mercedes-benz-cla-stylowy-mercedes-benz-cla-200d-shooting-brake-4matic-amg-line-ID6H69E0.html,108 000,2020,274 000 km,Mercedes-Benz CLA 200 d 4-Matic AMG Line 8G-DCT,Diesel,Automatyczna,FALSE
https://www.otomoto.pl/osobowe/oferta/mercedes-benz-cla-maksymalne-wyposazenie-opcjonalne-polski-salon-bezwypadkowy-full-ppf-ID6H96iH.html,190 000,2020,144 000 km,Mercedes-Benz CLA AMG 45 S 4-Matic 8G-DCT,Benzyna,Automatyczna,FALSE
https://www.otomoto.pl/osobowe/oferta/mercedes-benz-cla-mercedes-cla-2023-rok-na-gwarancji-2-0d-automat-stan-idealny-ID6H8W4I.html,179 000,2023,33 000 km,Mercedes-Benz CLA 180 d AMG Line 8G-DCT,Diesel,Automatyczna,FALSE
https://www.otomoto.pl/osobowe/oferta/mercedes-benz-cla-4-matic-8g-dct-garazowany-pierwszy-wlasciciel-salon-pl-gwarancja-ID6H5YRi.html,235 000,2024,7 500 km,Mercedes-Benz CLA,Benzyna,Automatyczna,FALSE
https://www.otomoto.pl/osobowe/oferta/mercedes-benz-cla-cesja-leasingu-auta-w-idealnym-stanie-mercedes-benz-cla-220d-amg-line-ID6H8nbn.html,165 000,2022,36 000 km,Mercedes-Benz CLA 220 d 4-Matic AMG Line 8G-DCT,Diesel,Automatyczna,FALSE
https://www.otomoto.pl/osobowe/oferta/mercedes-benz-cla-mercedes-cla-250-4matic-7g-dct-amg-line-salon-polska-cesja-leasingu-ID6GXPBz.html,177 000,2022,33 000 km,Mercedes-Benz CLA 250 4-Matic AMG Line 7G-DCT,Benzyna,Automatyczna,FALSE
https://www.otomoto.pl/osobowe/oferta/mercedes-benz-cla-mercedes-benz-cla-35-amg-stan-idealny-ID6GF2n2.html,211 929,2022,49 000 km,Mercedes-Benz CLA AMG 35 4-Matic 7G-DCT,Benzyna,Automatyczna,FALSE
https://www.otomoto.pl/osobowe/oferta/mercedes-benz-cla-pakiet-amg-pakiet-night-ambiente-shooting-brake-ID6HaNUg.html,118 900,2019,92 646 km,Mercedes-Benz CLA 200 AMG Line 7G-DCT,Benzyna,Automatyczna,FALSE
https://www.otomoto.pl/osobowe/oferta/mercedes-benz-cla-mercedes-amg-cla-45s-4matic-shooting-brake-mountain-grey-magno-ID6H4wk8.html,169 000,2019,161 000 km,Mercedes-Benz CLA AMG 45 S 4-Matic 8G-DCT,Benzyna,Automatyczna,FALSE
https://www.otomoto.pl/osobowe/oferta/mercedes-benz-cla-cla-220-amg-4matic-salon-pl-fv23-bezwypadkowy-ID6HbodW.html,161 500,2019,32 296 km,Mercedes-Benz CLA 220 4-Matic AMG Line 7G-DCT,Benzyna,Automatyczna,FALSE
https://www.otomoto.pl/osobowe/oferta/mercedes-benz-cla-200-amg-line-cesja-leasingu-ID6Hbrbs.html,134 000,2019,67 000 km,Mercedes-Benz CLA 200 AMG Line 7G-DCT,Benzyna,Automatyczna,FALSE
https://www.otomoto.pl/osobowe/oferta/mercedes-benz-cla-linia-amg-pakiet-night-multibeam-panorama-pakiet-pamieci-siedzen-ID6H27MM.html,119 900,2019,144 900 km,Mercedes-Benz CLA,Benzyna,Automatyczna,FALSE
https://www.otomoto.pl/osobowe/oferta/mercedes-benz-cla-35-amg-07-2020-i-rej-salon-pl-i-wl-4matic-navi-ambiente-ID6Haj5F.html,179 900,2019,61 310 km,Mercedes-Benz CLA,Benzyna,Automatyczna,FALSE
https://www.otomoto.pl/osobowe/oferta/mercedes-benz-cla-mercedes-benz-cla-amg-line-163-km-bezwypadkowy-ID6H79X6.html,138 000,2019,94 300 km,Mercedes-Benz CLA 200 AMG Line 7G-DCT,Benzyna,Automatyczna,FALSE
https://www.otomoto.pl/osobowe/oferta/mercedes-benz-cla-220-amg-line-7g-dct-ID6GVgHs.html,119 000,2019,103 000 km,Mercedes-Benz CLA 220 7G-DCT,Benzyna,Automatyczna,FALSE
https://www.otomoto.pl/osobowe/oferta/mercedes-benz-cla-mercedes-cla-250-4matic-ID6H77PQ.html,149 000,2019,104 000 km,Mercedes-Benz CLA 250 4-Matic 7G-DCT,Benzyna,Automatyczna,FALSE
https://www.otomoto.pl/osobowe/oferta/mercedes-benz-cla-salonpl-1wl-keyless-kamera360-night-panorama-ambiente-carplay-ID6Hbh3N.html,109 900,2019,61 000 km,Mercedes-Benz CLA 200 AMG Line 7G-DCT,Benzyna,Automatyczna,FALSE
https://www.otomoto.pl/osobowe/oferta/mercedes-benz-cla-250-4matic-amg-line-hud-pamiec-fotela-hak-panorama-faktura-vat23-ID6Ha0S6.html,139 900,2019,102 000 km,Mercedes-Benz CLA,Benzyna,Automatyczna,FALSE
https://www.otomoto.pl/osobowe/oferta/mercedes-benz-cla-pakiet-night-amg-bezwypadkowy-grzane-fotele-salon-polska-fv23-ID6GJ1td.html,115 000,2019,110 000 km,Mercedes-Benz CLA 200 AMG Line 7G-DCT,Benzyna,Automatyczna,FALSE
https://www.otomoto.pl/osobowe/oferta/mercedes-benz-cla-220-amg-line-4matic-ID6GWLUZ.html,130 000,2019,96 800 km,Mercedes-Benz CLA 220 AMG Line 7G-DCT,Benzyna,Automatyczna,FALSE
https://www.otomoto.pl/osobowe/oferta/mercedes-benz-cla-35-amg-multibeam-led-burmester-masaze-virtual-ambiente-ID6GVAnn.html,153 900,2019,85 234 km,Mercedes-Benz CLA AMG 35 4Matic Shooting B AMG Speedshift 8G-DCT AMG Line Advanced Plus,Benzyna,Automatyczna,FALSE
https://www.otomoto.pl/osobowe/oferta/mercedes-benz-cla-cla-220-shooting-brake-amg-bezwypadkowy-niski-przebieg-ID6GZKEu.html,135 000,2019,58 500 km,Mercedes-Benz CLA 220 AMG Line 7G-DCT,Benzyna,Automatyczna,FALSE
https://www.otomoto.pl/osobowe/oferta/mercedes-benz-cla-200salonplfvat23-asomercedesamgx2premiumkeyllesnavi-ID6GYXjs.html,129 998,2019,119 741 km,Mercedes-Benz CLA 200 AMG Line 7G-DCT,Benzyna,Automatyczna,FALSE
https://www.otomoto.pl/osobowe/oferta/mercedes-benz-cla-180-sobieslaw-zasada-automotive-fv-23-certified-coupe-ID6GB6W7.html,109 900,2019,85 621 km,Mercedes-Benz CLA 180,Benzyna,Manualna,FALSE
https://www.otomoto.pl/osobowe/oferta/mercedes-benz-cla-220-shooting-brake-amg-line-7g-dct-ID6H596z.html,128 000,2019,90 233 km,Mercedes-Benz CLA 220 AMG Line 7G-DCT,Benzyna,Automatyczna,FALSE
https://www.otomoto.pl/osobowe/oferta/mercedes-benz-cla-salon-fv23-gwarancja-serwisowa-amg-97479-netto-ID6H88xK.html,119 900,2019,145 843 km,Mercedes-Benz CLA 200 AMG Line 7G-DCT,Benzyna,Automatyczna,FALSE
https://www.otomoto.pl/osobowe/oferta/mercedes-benz-cla-benzyna-amg-line-shooting-break-kamery-radary-gwarancja-ID6GSQlI.html,109 999,2019,106 301 km,Mercedes-Benz CLA 200 AMG Line 7G-DCT,Benzyna,Automatyczna,FALSE
https://www.otomoto.pl/osobowe/oferta/mercedes-benz-cla-mercedes-benz-cla-220-4-matic-amg-line-ID6GjTeq.html,155 000,2019,75 000 km,Mercedes-Benz CLA 220 AMG Line 7G-DCT,Benzyna,Automatyczna,FALSE
https://www.otomoto.pl/osobowe/oferta/mercedes-benz-cla-amg-1-3-benzyna-136-km-automat-i-wlasciciel-salon-polska-ID6H5Z1Q.html,119 900,2019,37 000 km,Mercedes-Benz CLA 180 AMG Line 7G-DCT,Benzyna,Automatyczna,FALSE
https://www.otomoto.pl/osobowe/oferta/mercedes-benz-cla-2020-cla200-salon-polska-f-vat23-szybki-leasing-okazja-ID6HaQ5B.html,114 900,2019,90 344 km,Mercedes-Benz CLA,Benzyna,Automatyczna,FALSE
https://www.otomoto.pl/osobowe/oferta/mercedes-benz-cla-2-0-benz-190-km-2019r-1-wlasciciel-warszawa-ID6GEf6X.html,119 999,2019,97 000 km,Mercedes-Benz CLA 220 AMG Line 7G-DCT,Benzyna,Automatyczna,FALSE
https://www.otomoto.pl/osobowe/oferta/mercedes-benz-cla-cla-shooting-brake-200-163km-faktura-23-vat-ID6HaPPN.html,122 950,2019,121 000 km,Mercedes-Benz CLA 200 Edition 1 7G-DCT,Benzyna,Automatyczna,FALSE
https://www.otomoto.pl/osobowe/oferta/mercedes-benz-cla-mercedes-benz-cla-200-vat-marza-salon-pl-serwis-aso-bezwypadkowy-ID6GSch4.html,95 900,2019,94 300 km,Mercedes-Benz CLA 200 7G-DCT,Benzyna,Automatyczna,FALSE
https://www.otomoto.pl/osobowe/oferta/mercedes-benz-cla-mercedes-cla-250-4matic-amg-line-ID6H7AiB.html,155 000,2019,81 174 km,Mercedes-Benz CLA 250 4-Matic AMG Line 7G-DCT,Benzyna,Automatyczna,FALSE
https://www.otomoto.pl/osobowe/oferta/mercedes-benz-cla-200-salon-polska-serwis-aso-automat-skora-navi-klimatronic-ID6H7Xtx.html,115 000,2019,92 886 km,Mercedes-Benz CLA,Benzyna,Automatyczna,FALSE
https://www.otomoto.pl/osobowe/oferta/mercedes-benz-cla-mercedes-cla-220-190km-2019r-amg-night-pakiet-ID6H05iJ.html,116 900,2019,131 000 km,Mercedes-Benz CLA 220 7G-DCT AMG Line,Benzyna,Automatyczna,FALSE
https://www.otomoto.pl/osobowe/oferta/mercedes-benz-cla-pakiet-amg-pakiet-night-ambiente-shooting-brake-ID6H5RqX.html,118 900,2019,92 646 km,Mercedes-Benz CLA 200 AMG Line 7G-DCT,Benzyna,Automatyczna,FALSE
https://www.otomoto.pl/osobowe/oferta/mercedes-benz-cla-shooting-brake-220-amg-line-7g-dct-ID6H2QRH.html,128 000,2019,46 465 km,Mercedes-Benz CLA 220 AMG Line 7G-DCT,Benzyna,Automatyczna,FALSE
https://www.otomoto.pl/osobowe/oferta/mercedes-benz-cla-amg-35-premium-plus-night-aero-pl-salon-bezwypadkowy-po-serwisie-aso-ID6HaN18.html,175 999,2019,105 000 km,Mercedes-Benz CLA AMG 35 4-Matic 7G-DCT,Benzyna,Automatyczna,FALSE
https://www.otomoto.pl/osobowe/oferta/mercedes-benz-cla-py38693-200-amg-line-leasing-krajowy-ID6GOxeu.html,113 850,2019,105 031 km,Mercedes-Benz CLA 200 AMG Line 7G-DCT,Benzyna,Automatyczna,FALSE
https://www.otomoto.pl/osobowe/oferta/mercedes-benz-cla-salon-pl-bezw-aso-panorama-full-amg-2x-kpl-opon-ceramika-ID6H6jLx.html,139 900,2019,86 000 km,Mercedes-Benz CLA 220 AMG Line 7G-DCT,Benzyna,Automatyczna,FALSE
https://www.otomoto.pl/osobowe/oferta/mercedes-benz-cla-cla220-amg-line-ID6H0vPO.html,129 999,2019,74 600 km,Mercedes-Benz CLA 220 AMG Line 7G-DCT,Benzyna,Automatyczna,FALSE
https://www.otomoto.pl/osobowe/oferta/mercedes-benz-cla-pakiet-amg-pakiet-night-ambiente-shooting-brake-ID6H3jpU.html,118 900,2019,92 646 km,Mercedes-Benz CLA 200 AMG Line 7G-DCT,Benzyna,Automatyczna,FALSE
https://www.otomoto.pl/osobowe/oferta/mercedes-benz-cla-180d-vat-23-skora-navi-klimatronic-tempomat-parktronic-ID6H93Qd.html,79 997,2019,165 525 km,Mercedes-Benz CLA,Diesel,Manualna,FALSE
https://www.otomoto.pl/osobowe/oferta/mercedes-benz-cla-stan-idealny-mercedes-cla-220-amg-line-7g-dct-ID6H5nXb.html,152 000,2019,60 000 km,Mercedes-Benz CLA 220 AMG Line 7G-DCT,Benzyna,Automatyczna,FALSE
https://www.otomoto.pl/osobowe/oferta/mercedes-benz-cla-salon-pl-1-wlasciciel-bezwypadkowy-ID6GXWQm.html,165 000,2019,139 800 km,Mercedes-Benz CLA AMG 35 4-Matic 7G-DCT,Benzyna,Automatyczna,FALSE
https://www.otomoto.pl/osobowe/oferta/mercedes-benz-cla-163-km-salon-polska-1-wl-vat-23-serwis-aso-ambiente-ID6G5pYP.html,116 848,2019,107 112 km,Mercedes-Benz CLA 200 AMG Line 7G-DCT,Benzyna,Automatyczna,FALSE
https://www.otomoto.pl/osobowe/oferta/mercedes-benz-cla-amg-line-swietny-stan-bezwypadkowy-panoramiczny-dach-ID6H7QX3.html,126 900,2019,76 000 km,Mercedes-Benz CLA 200 Shooting Brake 7G-DCT AMG Line,Benzyna,Automatyczna,FALSE
https://www.otomoto.pl/osobowe/oferta/mercedes-benz-cla-mercedesbenz-cla-amg-line-220d-shooting-brake-2019r-2-2-diesel-170km-ID6GP6OA.html,102 500,2019,36 500 km,Mercedes-Benz CLA Shooting Brake 220 d 4Matic 7G-DCT AMG Line,Diesel,Automatyczna,FALSE
https://www.otomoto.pl/osobowe/oferta/mercedes-benz-cla-wyprzedazsalon-pl-1wlasc-bezw-amg-4x4-ceramika-2x-kpl-opon-ID6GJNTq.html,138 900,2019,99 980 km,Mercedes-Benz CLA 220 4-Matic AMG Line 7G-DCT,Benzyna,Automatyczna,FALSE
https://www.otomoto.pl/osobowe/oferta/mercedes-benz-cla-krajowy-bezwypadek-led-krajowy-grzane-fotele-ambiente-ID6H60xy.html,106 900,2019,95 000 km,Mercedes-Benz CLA 200 7G-DCT,Benzyna,Automatyczna,FALSE
https://www.otomoto.pl/osobowe/oferta/mercedes-benz-cla-zolta-strzala-mercedes-cla-amg-line-shooting-brake-ID6H6E0Z.html,129 999,2019,82 000 km,Mercedes-Benz CLA 220 AMG Line 7G-DCT,Benzyna,Automatyczna,FALSE
https://www.otomoto.pl/osobowe/oferta/mercedes-benz-cla-mercedes-benz-cla-200amg-salon-polska-ID6H6DXa.html,131 000,2019,68 000 km,Mercedes-Benz CLA 200 AMG Line 7G-DCT,Benzyna,Automatyczna,FALSE
https://www.otomoto.pl/osobowe/oferta/mercedes-benz-cla-1-3-benzyna-163km-gwarancja-amg-line-alu-18-ambiente-led-panorama-ID6H5Wrx.html,115 500,2019,214 985 km,Mercedes-Benz CLA 200 AMG Line 7G-DCT,Benzyna,Automatyczna,FALSE
https://www.otomoto.pl/osobowe/oferta/mercedes-benz-cla-mercedes-benz-cla-220-4-matic-amg-line-7g-dct-ID6H3Nb3.html,154 980,2019,48 000 km,Mercedes-Benz CLA 220 4-Matic AMG Line 7G-DCT,Benzyna,Automatyczna,FALSE
https://www.otomoto.pl/osobowe/oferta/mercedes-benz-cla-amg-35-4-matic-7g-dct-ID6H7xik.html,160 900,2019,49 000 km,Mercedes-Benz CLA AMG 35 4-Matic 7G-DCT,Benzyna,Automatyczna,FALSE
https://www.otomoto.pl/osobowe/oferta/mercedes-benz-cla-salon-pl-1-wlasciciel-fv23-bezwypadkowy-ID6H7yQv.html,104 900,2019,85 000 km,Mercedes-Benz CLA,Benzyna,Automatyczna,FALSE
https://www.otomoto.pl/osobowe/oferta/mercedes-benz-cla-sliczny-merceescla-220-amg-full-salon-polska-ID6H7yPf.html,135 800,2019,77 000 km,Mercedes-Benz CLA 220 4-Matic AMG Line 7G-DCT,Benzyna,Automatyczna,FALSE
https://www.otomoto.pl/osobowe/oferta/mercedes-benz-cla-pierwszy-wlasciciel-ID6H9jUU.html,110 000,2019,80 000 km,Mercedes-Benz CLA,Benzyna,Automatyczna,FALSE
https://www.otomoto.pl/osobowe/oferta/mercedes-benz-cla-shooting-brake-faktura-vat23-salon-polska-ID6GHtGG.html,125 460,2019,99 000 km,Mercedes-Benz CLA 220 AMG Line 7G-DCT,Benzyna,Automatyczna,FALSE
https://www.otomoto.pl/osobowe/oferta/mercedes-benz-cla-pierwszy-wlasciciel-mercedes-benz-cla-200-amg-line-7g-dct-ID6GG30C.html,91 020,2019,204 000 km,Mercedes-Benz CLA 200 AMG Line 7G-DCT,Benzyna,Automatyczna,FALSE
https://www.otomoto.pl/osobowe/oferta/mercedes-benz-cla-stan-idealny-jak-nowy-ID6H2FF3.html,139 900,2019,34 000 km,Mercedes-Benz CLA 200 AMG Line 7G-DCT,Benzyna,Automatyczna,FALSE
https://www.otomoto.pl/osobowe/oferta/mercedes-benz-cla-mercedes-benz-cla200-salon-polska-ID6GtasX.html,112 500,2019,125 000 km,Mercedes-Benz CLA 200 AMG Line 7G-DCT,Benzyna,Automatyczna,FALSE
https://www.otomoto.pl/osobowe/oferta/mercedes-benz-cla-mercedes-benz-cla-220-amg-line-7g-dct-ID6H3dsV.html,120 500,2019,149 000 km,Mercedes-Benz CLA 220 AMG Line 7G-DCT,Benzyna,Automatyczna,FALSE
https://www.otomoto.pl/osobowe/oferta/mercedes-benz-cla-pierwszy-wlasciciel-stan-perfekcyjny-ID6GYx2t.html,165 000,2019,86 500 km,Mercedes-Benz CLA AMG 35 4-Matic 7G-DCT,Benzyna,Automatyczna,FALSE
https://www.otomoto.pl/osobowe/oferta/mercedes-benz-cla-serwisowany-w-aso-pierwszy-wlasciciel-zadbany-bardzo-dobry-stan-ID6GIwLd.html,210 000,2019,58 000 km,Mercedes-Benz CLA AMG 45 S 4-Matic 8G-DCT,Benzyna,Automatyczna,FALSE